angle,std_result,my_result,abs_error,rel_error,std_time,my_time,diff,speedup_ratio
44368.3,0.409703,0.409703,1.57768e-012,3.85079e-012,5523000,996000,4527000,5.54518
-831034,-0.623271,-0.623271,2.53322e-011,4.06439e-011,5927000,1005000,4922000,5.89751
-458094,0.181763,0.181763,1.75593e-011,9.66055e-011,5032000,1004000,4028000,5.01195
609577,0.999799,0.999799,4.41647e-013,4.41735e-013,6084000,0,6084000,inf
409167,-0.631542,-0.631542,1.23663e-011,1.95812e-011,5646000,1003000,4643000,5.62911
-443709,-0.113706,-0.113706,1.71838e-011,1.51126e-010,6060000,1002000,5058000,6.0479
471271,0.851165,0.851165,9.64251e-012,1.13286e-011,5011000,0,5011000,inf
657518,0.953544,0.953544,7.72205e-012,8.09825e-012,6343000,0,6343000,inf
166359,-0.938064,-0.938064,2.24631e-012,2.39463e-012,5573000,1003000,4570000,5.55633
-30974.2,0.952555,0.952555,3.68039e-013,3.8637e-013,5014000,1008000,4006000,4.97421
-328370,0.898928,0.898928,5.60763e-012,6.23812e-012,5585000,1005000,4580000,5.55721
-806591,-0.11272,-0.11272,3.12409e-011,2.77156e-010,5571000,0,5571000,inf
433238,-0.430425,-0.430425,1.52434e-011,3.54147e-011,6117000,1092000,5025000,5.60165
-609370,-0.971812,-0.971812,5.60196e-012,5.76445e-012,5566000,1009000,4557000,5.51635
664120,0.211697,0.211697,2.53009e-011,1.19515e-010,5529000,513000,5016000,10.7778
519614,0.925531,0.925531,7.67009e-012,8.28722e-012,5692000,1002000,4690000,5.68064
-856232,0.517681,0.517681,2.85558e-011,5.51611e-011,5648000,1004000,4644000,5.6255
-642337,-0.924262,-0.924262,9.55891e-012,1.03422e-011,4866000,1000000,3866000,4.866
162445,-0.566959,-0.566959,5.21616e-012,9.20024e-012,5757000,1002000,4755000,5.74551
-551083,0.551526,0.551526,1.7919e-011,3.24899e-011,5444000,1468000,3976000,3.70845
45341.5,0.898569,0.898569,7.75602e-013,8.63152e-013,5275000,1000000,4275000,5.275
-86323.8,0.762143,0.762143,2.17848e-012,2.85836e-012,4946000,1002000,3944000,4.93613
400490,-0.32987,-0.32987,1.47375e-011,4.46766e-011,5298000,1011000,4287000,5.24036
405221,0.0194771,0.0194771,1.57927e-011,8.10833e-010,6074000,1005000,5069000,6.04378
752226,-0.270386,-0.270386,2.82299e-011,1.04406e-010,5528000,1002000,4526000,5.51697
-73721.3,-0.641777,-0.641777,2.20368e-012,3.43372e-012,5379000,1013000,4366000,5.30997
702215,-0.396756,-0.396756,2.5126e-011,6.33286e-011,6163000,0,6163000,inf
777770,-0.0440029,-0.0440029,3.02885e-011,6.88329e-010,6587000,0,6587000,inf
515021,0.722594,0.722594,1.38778e-011,1.92055e-011,6236000,0,6236000,inf
-866518,0.885793,0.885793,1.56756e-011,1.76966e-011,6068000,1004000,5064000,6.04382
-200535,-0.365617,-0.365617,7.27568e-012,1.98997e-011,5182000,1003000,4179000,5.1665
-491125,0.261926,0.261926,1.84759e-011,7.05384e-011,5536000,1005000,4531000,5.50846
-927838,-0.352157,-0.352157,3.38508e-011,9.61242e-011,5059000,1504000,3555000,3.3637
123389,-0.117721,-0.117721,4.77633e-012,4.05733e-011,6014000,1001000,5013000,6.00799
-765238,-0.366499,-0.366499,2.77538e-011,7.57268e-011,5515000,1010000,4505000,5.4604
-526462,0.184825,0.184825,2.01681e-011,1.0912e-010,6208000,0,6208000,inf
846405,-0.285848,-0.285848,3.16167e-011,1.10606e-010,6136000,1003000,5133000,6.11765
-849002,0.6983,0.6983,2.36894e-011,3.39244e-011,5542000,1009000,4533000,5.49257
745918,0.263275,0.263275,2.80505e-011,1.06544e-010,5172000,1039000,4133000,4.97786
-939301,-0.561679,-0.561679,3.02929e-011,5.39327e-011,6565000,0,6565000,inf
972182,-0.809951,-0.809951,2.2226e-011,2.74412e-011,6175000,1010000,5165000,6.11386
-17526.5,-0.439346,-0.439346,6.1362e-013,1.39667e-012,5718000,0,5718000,inf
-854271,-0.526401,-0.526401,2.83126e-011,5.37852e-011,6642000,0,6642000,inf
820824,0.815967,0.815967,1.84968e-011,2.26685e-011,5207000,1503000,3704000,3.4644
-961711,-0.643324,-0.643324,2.87006e-011,4.4613e-011,5661000,1009000,4652000,5.61051
-350186,0.667187,0.667187,1.01681e-011,1.52402e-011,6057000,1004000,5053000,6.03287
-534035,-0.999533,-0.999533,6.06404e-013,6.06687e-013,5033000,1502000,3531000,3.35087
216209,-0.975619,-0.975619,1.85219e-012,1.89847e-012,5200000,0,5200000,inf
631025,-0.981759,-0.981759,4.68037e-012,4.76733e-012,6733000,0,6733000,inf
287279,-0.705334,-0.705334,7.93809e-012,1.12544e-011,6115000,0,6115000,inf
-968453,-0.0442867,-0.0442867,3.77137e-011,8.5158e-010,6171000,1004000,5167000,6.14641
862018,0.0300244,0.0300244,3.35867e-011,1.11865e-009,6561000,0,6561000,inf
177232,0.900478,0.900478,3.0046e-012,3.33667e-012,6068000,1062000,5006000,5.71375
172012,-0.0827819,-0.0827819,6.68209e-012,8.07191e-011,5232000,1003000,4229000,5.21635
244136,0.5345,0.5345,8.0429e-012,1.50475e-011,5626000,1025000,4601000,5.48878
-491787,-0.976749,-0.976749,4.10727e-012,4.20504e-012,6034000,0,6034000,inf
74256.5,0.980732,0.980732,5.62217e-013,5.73263e-013,5647000,1034000,4613000,5.46132
-375559,-0.618822,-0.618822,1.14997e-011,1.85832e-011,5520000,512000,5008000,10.7812
-179296,0.788364,0.788364,4.29967e-012,5.45392e-012,6107000,0,6107000,inf
-151215,0.930388,0.930388,2.16094e-012,2.32262e-012,5329000,1013000,4316000,5.26061
848151,0.257402,0.257402,3.19473e-011,1.24115e-010,6070000,504000,5566000,12.0437
804978,0.928737,0.928737,1.16336e-011,1.25262e-011,5142000,1003000,4139000,5.12662
-800517,-0.885429,-0.885429,1.45031e-011,1.63797e-011,6194000,0,6194000,inf
393739,0.0729583,0.0729583,1.53072e-011,2.09808e-010,6223000,0,6223000,inf
-371859,-0.689651,-0.689651,1.04966e-011,1.52202e-011,6538000,1004000,5534000,6.51195
-946442,0.430152,0.430152,3.33051e-011,7.74264e-011,5223000,1010000,4213000,5.17129
261935,0.99525,0.99525,9.81215e-013,9.85898e-013,5073000,1003000,4070000,5.05783
587251,-0.667032,-0.667032,1.70548e-011,2.55682e-011,6120000,0,6120000,inf
158528,0.136144,0.136144,6.12194e-012,4.49666e-011,6521000,0,6521000,inf
-650367,-0.560561,-0.560561,2.0994e-011,3.74518e-011,6487000,0,6487000,inf
644935,-0.188027,-0.188027,2.46914e-011,1.31318e-010,5638000,1003000,4635000,5.62114
-395154,0.9492,0.9492,4.84779e-012,5.10724e-012,6063000,0,6063000,inf
526782,0.24059,0.24059,1.99311e-011,8.28423e-011,6112000,1004000,5108000,6.08765
377425,0.269969,0.269969,1.41659e-011,5.24725e-011,5111000,1007000,4104000,5.07547
950659,0.0456275,0.0456275,3.70185e-011,8.1132e-010,5027000,1503000,3524000,3.34464
-11888,-0.234472,-0.234472,4.50473e-013,1.92122e-012,5471000,1077000,4394000,5.07985
661137,0.975762,0.975762,5.63716e-012,5.77719e-012,5539000,524000,5015000,10.5706
274357,0.990456,0.990456,1.46638e-012,1.48051e-012,5728000,0,5728000,inf
-542349,0.262594,0.262594,2.03991e-011,7.76829e-011,6530000,0,6530000,inf
-193259,-0.784737,-0.784737,4.66926e-012,5.9501e-012,6033000,1009000,5024000,5.97919
-372006,0.459903,0.459903,1.28764e-011,2.79981e-011,4738000,1003000,3735000,4.72383
601429,0.708779,0.708779,1.65381e-011,2.33332e-011,5899000,1005000,4894000,5.86965
-247536,0.085051,0.085051,9.61407e-012,1.13039e-010,5517000,0,5517000,inf
949161,-0.548051,-0.548051,3.09474e-011,5.6468e-011,6069000,1005000,5064000,6.03881
369196,0.901145,0.901145,6.23879e-012,6.92318e-012,5177000,1002000,4175000,5.16667
805927,0.919716,0.919716,1.2333e-011,1.34096e-011,5406000,0,5406000,inf
-248458,-0.951975,-0.951975,2.96463e-012,3.11419e-012,5552000,1002000,4550000,5.54092
-255643,0.739704,0.739704,6.70586e-012,9.0656e-012,5560000,1011000,4549000,5.49951
-325730,0.347739,0.347739,1.19046e-011,3.42345e-011,5218000,1015000,4203000,5.14089
317173,-0.826023,-0.826023,6.96876e-012,8.43652e-012,5239000,1004000,4235000,5.21813
-220519,0.971574,0.971574,2.03693e-012,2.09652e-012,5830000,0,5830000,inf
-968943,-0.750794,-0.750794,2.49483e-011,3.32292e-011,6112000,1003000,5109000,6.09372
-940128,0.0670548,0.0670548,3.65641e-011,5.45287e-010,5551000,1003000,4548000,5.5344
-71663.1,0.226063,0.226063,2.72113e-012,1.2037e-011,5035000,0,5035000,inf
754917,-0.999809,-0.999809,6.0929e-013,6.09407e-013,6661000,1004000,5657000,6.63446
-139925,0.886267,0.886267,2.52642e-012,2.85064e-012,4779000,1011000,3768000,4.727
-289841,0.909071,0.909071,4.70746e-012,5.17831e-012,5025000,1004000,4021000,5.00498
-715375,-0.356634,-0.356634,2.60519e-011,7.30495e-011,5541000,1005000,4536000,5.51343
893923,0.981261,0.981261,6.71052e-012,6.83867e-012,5532000,514000,5018000,10.7626
626230,-0.752274,-0.752274,1.60831e-011,2.13794e-011,6024000,0,6024000,inf
-920520,-0.846949,-0.846949,1.90777e-011,2.25252e-011,5896000,1009000,4887000,5.84341
-636484,0.694081,0.694081,1.78608e-011,2.5733e-011,5018000,1504000,3514000,3.33644
-416193,-0.997191,-0.997191,1.23246e-012,1.23593e-012,4745000,1004000,3741000,4.7261
-928600,-0.849937,-0.849937,1.90717e-011,2.2439e-011,5169000,1011000,4158000,5.11276
-725649,0.772717,0.772717,1.79546e-011,2.32357e-011,5753000,1003000,4750000,5.73579
653679,0.989462,0.989462,3.69649e-012,3.73586e-012,5257000,1004000,4253000,5.23606
-262700,-0.153015,-0.153015,1.01195e-011,6.61344e-011,5517000,1050000,4467000,5.25429
689125,-0.459356,-0.459356,2.38606e-011,5.19435e-011,5633000,0,5633000,inf
-99888.8,0.946245,0.946245,1.25888e-012,1.3304e-012,5593000,1004000,4589000,5.57072
170701,-0.309488,-0.309488,6.32738e-012,2.04447e-011,5886000,1005000,4881000,5.85672
-615775,0.679933,0.679933,1.76009e-011,2.58863e-011,5143000,1503000,3640000,3.42182
-640224,0.674945,0.674945,1.84145e-011,2.7283e-011,4853000,1047000,3806000,4.63515
262255,0.999228,0.999228,4.28768e-013,4.29099e-013,5029000,1503000,3526000,3.34597
949809,-0.994302,-0.994302,3.93507e-012,3.95762e-012,5418000,1004000,4414000,5.39641
807994,0.910903,0.910903,1.29959e-011,1.42671e-011,6156000,0,6156000,inf
389343,-0.750446,-0.750446,1.00308e-011,1.33664e-011,6060000,0,6060000,inf
-645626,0.404196,0.404196,2.30193e-011,5.69508e-011,9010000,1016000,7994000,8.86811
-571400,-0.660488,-0.660488,1.67237e-011,2.53203e-011,7725000,1004000,6721000,7.69422
636628,0.441047,0.441047,2.2272e-011,5.04981e-011,7121000,1003000,6118000,7.0997
915060,0.939029,0.939029,1.22641e-011,1.30604e-011,8172000,1004000,7168000,8.13944
-351291,0.924765,0.924765,5.21105e-012,5.635e-012,7114000,1003000,6111000,7.09272
219754,-0.153961,-0.153961,8.46401e-012,5.4975e-011,7168000,1223000,5945000,5.861
788997,-0.985537,-0.985537,5.21672e-012,5.29327e-012,6596000,1003000,5593000,6.57627
66244.8,0.930704,0.930704,9.44689e-013,1.01503e-012,7545000,1142000,6403000,6.60683
196816,0.997293,0.997293,5.81535e-013,5.83113e-013,6715000,1006000,5709000,6.67495
-744771,0.517169,0.517169,2.48475e-011,4.80452e-011,6565000,1004000,5561000,6.53884
560662,0.93516,0.93516,7.74192e-012,8.27871e-012,7041000,1381000,5660000,5.09848
95094,-0.888211,-0.888211,1.70308e-012,1.91743e-012,6806000,1005000,5801000,6.77214
-238596,0.948665,0.948665,2.9422e-012,3.10141e-012,6213000,1003000,5210000,6.19442
801152,0.995508,0.995508,2.94309e-012,2.95637e-012,6247000,1020000,5227000,6.12451
284562,0.0719038,0.0719038,1.10636e-011,1.53867e-010,7540000,504000,7036000,14.9603
-620773,-0.135824,-0.135824,2.39737e-011,1.76506e-010,7180000,1503000,5677000,4.77711
-608873,-0.807824,-0.807824,1.39894e-011,1.73173e-011,6233000,1003000,5230000,6.21436
844628,-0.999399,-0.999399,1.16973e-012,1.17043e-012,6049000,1004000,5045000,6.0249
-352563,-0.680498,-0.680498,1.00702e-011,1.47982e-011,6528000,1413000,5115000,4.61996
550653,0.615418,0.615418,1.69186e-011,2.74912e-011,6045000,1503000,4542000,4.02196
22282.2,0.908915,0.908915,3.62044e-013,3.98325e-013,6187000,0,6187000,inf
837712,0.189606,0.189606,3.2062e-011,1.69099e-010,7241000,1005000,6236000,7.20498
321452,-0.999552,-0.999552,4.05564e-013,4.05746e-013,6525000,1031000,5494000,6.32881
-289224,-0.711901,-0.711901,7.91756e-012,1.11217e-011,6300000,1007000,5293000,6.25621
-143312,0.728911,0.728911,3.82461e-012,5.24701e-012,5526000,1005000,4521000,5.49851
309712,0.903006,0.903006,5.18674e-012,5.74386e-012,6213000,1030000,5183000,6.03204
-818293,-0.68473,-0.68473,2.32467e-011,3.39502e-011,7027000,0,7027000,inf
-828655,0.667362,0.667362,2.40559e-011,3.60462e-011,7173000,1016000,6157000,7.06004
-205033,-0.0786918,-0.0786918,7.96749e-012,1.01249e-010,6130000,1003000,5127000,6.11167
812914,0.949276,0.949276,9.96325e-012,1.04956e-011,5531000,1012000,4519000,5.46542
-209830,0.244014,0.244014,7.93202e-012,3.25064e-011,7037000,0,7037000,inf
351641,0.813959,0.813959,7.96263e-012,9.7826e-012,5930000,1007000,4923000,5.88878
-748270,0.693494,0.693494,2.10143e-011,3.03021e-011,12803000,1503000,11300000,8.5183
-23352,0.524437,0.524437,7.75047e-013,1.47786e-012,7893000,1006000,6887000,7.84592
631896,0.96066,0.96066,6.83986e-012,7.11996e-012,8504000,1035000,7469000,8.21643
-221202,-0.410506,-0.410506,7.86254e-012,1.91533e-011,7891000,1003000,6888000,7.8674
801161,-0.975721,-0.975721,6.8423e-012,7.01256e-012,8067000,1004000,7063000,8.03486
98061,-0.588217,-0.588217,3.09119e-012,5.25519e-012,8079000,1003000,7076000,8.05484
-134775,-0.732107,-0.732107,3.57858e-012,4.88806e-012,7838000,1063000,6775000,7.37347
267020,0.0218509,0.0218509,1.04061e-011,4.76229e-010,7988000,1016000,6972000,7.8622
-948865,-0.00638964,-0.00638964,3.69864e-011,5.7885e-009,7543000,1610000,5933000,4.68509
350282,0.810624,0.810624,7.99549e-012,9.86338e-012,7303000,1107000,6196000,6.59711
795136,-0.996174,-0.996174,2.69407e-012,2.70441e-012,7096000,1003000,6093000,7.07478
-835636,0.717734,0.717734,2.26815e-011,3.16016e-011,6820000,2007000,4813000,3.39811
44382.2,-0.782741,-0.782741,1.07681e-012,1.37569e-012,6094000,1003000,5091000,6.07577
-79056.8,-0.987806,-0.987806,4.73843e-013,4.79693e-013,7198000,1013000,6185000,7.10563
158738,-0.361937,-0.361937,5.76822e-012,1.59371e-011,8036000,1003000,7033000,8.01196
217692,-0.918018,-0.918018,3.36497e-012,3.66548e-012,6626000,1000000,5626000,6.626
549506,-0.271626,-0.271626,2.06146e-011,7.58933e-011,6830000,1004000,5826000,6.80279
-272695,0.993968,0.993968,1.17673e-012,1.18387e-012,7288000,1004000,6284000,7.25896
-850223,-0.999892,-0.999892,4.51639e-013,4.51688e-013,6229000,1020000,5209000,6.10686
703912,0.175573,0.175573,2.70125e-011,1.53854e-010,7571000,0,7571000,inf
75254.2,0.453004,0.453004,2.61519e-012,5.77299e-012,7584000,1504000,6080000,5.04255
39575.4,-0.659761,-0.659761,1.15929e-012,1.75714e-012,6740000,1075000,5665000,6.26977
578343,0.848663,0.848663,1.19242e-011,1.40506e-011,6281000,1233000,5048000,5.09408
-526486,0.870734,0.870734,1.0092e-011,1.15903e-011,6589000,1021000,5568000,6.45348
750490,0.695424,0.695424,2.10221e-011,3.02292e-011,6036000,1504000,4532000,4.0133
-311434,-0.99637,-0.99637,1.04849e-012,1.05231e-012,5584000,1503000,4081000,3.71524
690902,0.523867,0.523867,2.29404e-011,4.37906e-011,7136000,1006000,6130000,7.09344
85508.3,0.422629,0.422629,3.02081e-012,7.14765e-012,6367000,585000,5782000,10.8838
-26457.8,0.675888,0.675888,7.60059e-013,1.12453e-012,6041000,2028000,4013000,2.9788
-492309,-0.671159,-0.671159,1.42261e-011,2.11963e-011,6047000,1021000,5026000,5.92262
695.97,-0.994254,-0.994254,8.43769e-015,8.48646e-015,5764000,1355000,4409000,4.25387
-327479,0.24123,0.24123,1.23883e-011,5.13549e-011,6146000,1011000,5135000,6.07913
446444,-0.931862,-0.931862,6.31351e-012,6.77515e-012,6033000,1004000,5029000,6.00896
717619,-0.349492,-0.349492,2.62091e-011,7.49921e-011,6200000,1005000,5195000,6.16915
33983.1,-0.460171,-0.460171,1.17611e-012,2.55582e-012,6011000,1011000,5000000,5.9456
916180,-0.648972,-0.648972,2.71709e-011,4.18677e-011,6837000,508000,6329000,13.4587
-542818,-0.884941,-0.884941,9.85412e-012,1.11353e-011,6696000,0,6696000,inf
62778.4,0.0521462,0.0521462,2.4438e-012,4.68644e-011,7007000,1003000,6004000,6.98604
-325415,-0.146028,-0.146028,1.25489e-011,8.59347e-011,5523000,1100000,4423000,5.02091
-939576,-0.590153,-0.590153,2.9567e-011,5.01006e-011,6618000,0,6618000,inf
-372794,0.299529,0.299529,1.38644e-011,4.62874e-011,7074000,1003000,6071000,7.05284
113130,0.991051,0.991051,5.96745e-013,6.02133e-013,5881000,1010000,4871000,5.82277
-334948,0.483191,0.483191,1.1431e-011,2.36574e-011,5087000,2015000,3072000,2.52457
622543,-0.893452,-0.893452,1.08997e-011,1.21996e-011,5129000,1007000,4122000,5.09335
-670861,0.82762,0.82762,1.4678e-011,1.77352e-011,5738000,1010000,4728000,5.68119
-475976,0.752866,0.752866,1.22117e-011,1.62202e-011,6313000,1027000,5286000,6.14703
483375,-0.034661,-0.034661,1.88308e-011,5.43286e-010,6045000,1005000,5040000,6.01493
-979795,-0.999191,-0.999191,1.50946e-012,1.51068e-012,6073000,0,6073000,inf
-915717,0.704189,0.704189,2.53439e-011,3.59903e-011,6570000,1012000,5558000,6.49209
-915338,0.79594,0.79594,2.15999e-011,2.71377e-011,5753000,1021000,4732000,5.63467
917793,0.957443,0.957443,1.0325e-011,1.07839e-011,5006000,1041000,3965000,4.80884
-317850,-0.151894,-0.151894,1.22462e-011,8.06232e-011,6527000,0,6527000,inf
726713,-0.335812,-0.335812,2.66825e-011,7.94567e-011,6105000,1003000,5102000,6.08674
-148113,0.45221,0.45221,5.14944e-012,1.13873e-011,6526000,0,6526000,inf
779502,-0.371147,-0.371147,2.8215e-011,7.6021e-011,5932000,1696000,4236000,3.49764
-428784,-0.866198,-0.866198,8.3521e-012,9.64225e-012,5024000,1005000,4019000,4.999
-54478.6,0.200601,0.200601,2.08039e-012,1.03708e-011,6033000,1002000,5031000,6.02096
95716.8,-0.942133,-0.942133,1.25033e-012,1.32713e-012,4546000,1006000,3540000,4.51889
-746718,0.571047,0.571047,2.38947e-011,4.18436e-011,6094000,1012000,5082000,6.02174
-515221,-0.172259,-0.172259,1.97834e-011,1.14847e-010,5113000,1003000,4110000,5.09771
848961,0.925366,0.925366,1.25445e-011,1.35563e-011,6070000,504000,5566000,12.0437
-510743,-0.918204,-0.918204,7.88603e-012,8.58853e-012,5887000,0,5887000,inf
210673,-0.571359,-0.571359,6.73972e-012,1.17959e-011,6047000,1005000,5042000,6.01692
727516,-0.996074,-0.996074,2.496e-012,2.50584e-012,5026000,1504000,3522000,3.34176
-464266,-0.999975,-0.999975,1.67977e-013,1.67981e-013,5217000,1006000,4211000,5.18588
834325,-0.181738,-0.181738,3.19808e-011,1.75972e-010,5819000,1012000,4807000,5.75
-661553,-0.460152,-0.460152,2.28952e-011,4.97558e-011,5064000,1503000,3561000,3.36926
-53353.2,-0.465078,-0.465078,1.84114e-012,3.95878e-012,5569000,1003000,4566000,5.55234
435867,0.254663,0.254663,1.64301e-011,6.45171e-011,5587000,1003000,4584000,5.57029
-806296,-0.176967,-0.176967,3.09337e-011,1.74799e-010,5053000,1003000,4050000,5.03789
-135895,-0.963127,-0.963127,1.42397e-012,1.47849e-012,5097000,1004000,4093000,5.07669
-817336,-0.693508,-0.693508,2.29535e-011,3.30977e-011,5573000,1015000,4558000,5.49064
-873089,-0.209638,-0.209638,3.32772e-011,1.58737e-010,5019000,1360000,3659000,3.69044
-205412,-0.533169,-0.533169,6.77414e-012,1.27054e-011,5585000,1003000,4582000,5.5683
515705,-0.054837,-0.054837,2.00722e-011,3.66033e-010,6026000,1009000,5017000,5.97225
-290396,0.212767,0.212767,1.10606e-011,5.19845e-011,5872000,0,5872000,inf
-836800,0.776718,0.776718,2.0545e-011,2.64511e-011,5536000,1002000,4534000,5.52495
394212,-0.804604,-0.804604,9.12492e-012,1.13409e-011,5032000,1504000,3528000,3.34574
968481,-0.664483,-0.664483,2.8212e-011,4.24571e-011,5713000,0,5713000,inf
778820,0.13759,0.13759,3.007e-011,2.18548e-010,5990000,1011000,4979000,5.92483
726433,0.538828,0.538828,2.38545e-011,4.4271e-011,5035000,1503000,3532000,3.34997
862300,0.983121,0.983121,6.14553e-012,6.25104e-012,5079000,1002000,4077000,5.06886
-696384,-0.187711,-0.187711,2.66628e-011,1.42042e-010,5122000,1037000,4085000,4.93925
297840,-0.976972,-0.976972,2.47991e-012,2.53836e-012,6059000,0,6059000,inf
-529022,0.248083,0.248083,1.99769e-011,8.0525e-011,6208000,1003000,5205000,6.18943
-706140,0.999977,0.999977,1.46438e-013,1.46442e-013,4511000,1181000,3330000,3.81964
-314616,0.829843,0.829843,6.84319e-012,8.24637e-012,6027000,0,6027000,inf
160983,0.948005,0.948005,1.99651e-012,2.10602e-012,5613000,1004000,4609000,5.59064
-722497,0.258066,0.258066,2.72093e-011,1.05436e-010,6018000,0,6018000,inf
506656,-0.967073,-0.967073,5.02476e-012,5.19584e-012,5368000,1003000,4365000,5.35194
366011,-0.0424719,-0.0424719,1.42544e-011,3.3562e-010,5809000,1012000,4797000,5.74012
271377,-0.0861175,-0.0861175,1.05391e-011,1.2238e-010,6032000,0,6032000,inf
209102,-0.704009,-0.704009,5.78859e-012,8.22233e-012,6328000,0,6328000,inf
67073.5,0.484128,0.484128,2.28778e-012,4.72557e-012,6163000,514000,5649000,11.9903
641915,-0.518788,-0.518788,2.13914e-011,4.12335e-011,6239000,0,6239000,inf
909435,0.791076,0.791076,2.16854e-011,2.74126e-011,5650000,1004000,4646000,5.62749
878713,-0.263154,-0.263154,3.30454e-011,1.25574e-010,6215000,1012000,5203000,6.1413
939041,0.417777,0.417777,3.32567e-011,7.9604e-011,5055000,1004000,4051000,5.03486
434630,-0.0196784,-0.0196784,1.69388e-011,8.60779e-010,6141000,0,6141000,inf
-108552,0.453373,0.453373,3.77154e-012,8.31885e-012,5515000,1006000,4509000,5.48211
171496,-0.0632484,-0.0632484,6.67162e-012,1.05483e-010,4943000,1504000,3439000,3.28657
61902.6,0.578374,0.578374,1.96843e-012,3.40338e-012,5580000,1044000,4536000,5.34483
402292,-0.998894,-0.998894,7.61946e-013,7.6279e-013,5020000,1000000,4020000,5.02
-257170,0.923255,0.923255,3.85125e-012,4.17139e-012,5205000,1002000,4203000,5.19461
-910711,-0.788395,-0.788395,2.18385e-011,2.77e-011,5580000,526000,5054000,10.6084
873418,-0.998313,-0.998313,1.95532e-012,1.95863e-012,6037000,0,6037000,inf
-619098,-0.438627,-0.438627,2.16873e-011,4.94435e-011,6550000,0,6550000,inf
-692897,-0.371887,-0.371887,2.50722e-011,6.7419e-011,6272000,1012000,5260000,6.19763
-126742,0.919949,0.919949,1.93723e-012,2.1058e-012,4528000,1003000,3525000,4.51446
-397359,0.621786,0.621786,1.2131e-011,1.95099e-011,6050000,1003000,5047000,6.0319
-439998,0.822138,0.822138,9.76397e-012,1.18763e-011,5525000,511000,5014000,10.8121
-865976,-0.946784,-0.946784,1.08645e-011,1.14752e-011,5176000,1003000,4173000,5.16052
-880107,-0.925291,-0.925291,1.3011e-011,1.40616e-011,5204000,1011000,4193000,5.14738
109069,-0.789336,-0.789336,2.61036e-012,3.30703e-012,5047000,1005000,4042000,5.02189
187820,0.399134,0.399134,6.71291e-012,1.68187e-011,5131000,1002000,4129000,5.12076
882584,-0.68392,-0.68392,2.50993e-011,3.66991e-011,6035000,1002000,5033000,6.02295
-313793,0.873146,0.873146,5.96256e-012,6.82882e-012,5094000,1006000,4088000,5.06362
550567,0.628515,0.628515,1.66925e-011,2.65587e-011,5532000,1005000,4527000,5.50448
-603835,-0.764722,-0.764722,1.51669e-011,1.98332e-011,5079000,1035000,4044000,4.90725
-569374,0.795454,0.795454,1.345e-011,1.69086e-011,5023000,1004000,4019000,5.00299
337466,0.4474,0.4474,1.17646e-011,2.62956e-011,6051000,0,6051000,inf
-504492,-0.55225,-0.55225,1.63947e-011,2.96871e-011,5134000,1506000,3628000,3.40903
-473552,-0.657233,-0.657233,1.39124e-011,2.11682e-011,5531000,1002000,4529000,5.51996
-160848,0.995615,0.995615,6.00187e-013,6.0283e-013,5757000,1004000,4753000,5.73406
102318,0.545317,0.545317,3.3431e-012,6.13057e-012,5112000,0,5112000,inf
606904,-0.982975,-0.982975,4.35096e-012,4.42632e-012,6704000,0,6704000,inf
487483,0.83815,0.83815,1.03646e-011,1.2366e-011,6171000,0,6171000,inf
573811,-0.762458,-0.762458,1.44726e-011,1.89816e-011,6034000,1040000,4994000,5.80192
141184,0.696131,0.696131,3.95095e-012,5.67559e-012,5065000,1002000,4063000,5.05489
402801,-0.994888,-0.994888,1.59783e-012,1.60604e-012,5527000,1006000,4521000,5.49404
-700514,-0.888096,-0.888096,1.25514e-011,1.41329e-011,5043000,1024000,4019000,4.9248
-915058,-0.122461,-0.122461,3.54009e-011,2.8908e-010,5812000,0,5812000,inf
-709758,0.251743,0.251743,2.67756e-011,1.06361e-010,5520000,1003000,4517000,5.50349
674685,-0.128326,-0.128326,2.60821e-011,2.03249e-010,5532000,1002000,4530000,5.52096
-751744,0.889446,0.889446,1.33927e-011,1.50574e-011,5019000,1001000,4018000,5.01399
442174,0.998967,0.998967,8.08242e-013,8.09078e-013,6051000,0,6051000,inf
-854787,0.682483,0.682483,2.43535e-011,3.56837e-011,6509000,0,6509000,inf
697236,-0.0421584,-0.0421584,2.71544e-011,6.44104e-010,6517000,503000,6014000,12.9563
-647096,0.474169,0.474169,2.22081e-011,4.68359e-011,5552000,1002000,4550000,5.54092
-943294,0.762217,0.762217,2.38021e-011,3.12274e-011,5417000,0,5417000,inf
932818,-0.801348,-0.801348,2.17514e-011,2.71435e-011,5026000,1502000,3524000,3.34621
19289.1,-0.266909,-0.266909,7.24587e-013,2.71473e-012,5056000,1002000,4054000,5.04591
-29003.5,-0.278708,-0.278708,1.0858e-012,3.89582e-012,5404000,1025000,4379000,5.2722
-575782,-0.1237,-0.1237,2.22718e-011,1.80048e-010,6023000,0,6023000,inf
386010,0.165867,0.165867,1.48384e-011,8.94593e-011,6583000,0,6583000,inf
-760228,-0.0433081,-0.0433081,2.96062e-011,6.83617e-010,6027000,1008000,5019000,5.97917
-204937,0.884185,0.884185,3.73157e-012,4.22035e-012,5030000,1002000,4028000,5.01996
-166523,-0.187024,-0.187024,6.37665e-012,3.40954e-011,5209000,1002000,4207000,5.1986
146547,-0.795135,-0.795135,3.46434e-012,4.35692e-012,4522000,2012000,2510000,2.24751
287553,0.252023,0.252023,1.08472e-011,4.30403e-011,5533000,1002000,4531000,5.52196
622231,0.803797,0.803797,1.44292e-011,1.79513e-011,5075000,1009000,4066000,5.02973
-84498.1,-0.973508,-0.973508,7.50955e-013,7.71391e-013,5015000,0,5015000,inf
-552659,-0.661049,-0.661049,1.61647e-011,2.44532e-011,6578000,1001000,5577000,6.57143
432530,0.970846,0.970846,4.04332e-012,4.16474e-012,5020000,1008000,4012000,4.98016
-400116,-0.277728,-0.277728,1.49832e-011,5.39491e-011,5012000,1017000,3995000,4.92822
787445,-0.993592,-0.993592,3.45879e-012,3.4811e-012,4951000,1002000,3949000,4.94112
99034.5,-0.875553,-0.875553,1.86495e-012,2.13003e-012,5016000,1503000,3513000,3.33733
938628,0.834594,0.834594,2.01552e-011,2.41497e-011,4706000,1002000,3704000,4.69661
-342697,0.831489,0.831489,7.42117e-012,8.92517e-012,5525000,553000,4972000,9.99096
374811,-0.125534,-0.125534,1.44947e-011,1.15464e-010,6118000,0,6118000,inf
59182.1,0.667912,0.667912,1.71685e-012,2.57047e-012,6027000,1002000,5025000,6.01497
10388.3,0.837182,0.837182,2.21601e-013,2.64698e-013,4524000,1508000,3016000,3
-30882.6,-0.703875,-0.703875,8.55316e-013,1.21515e-012,5028000,1002000,4026000,5.01796
-146083,0.765582,0.765582,3.66351e-012,4.78526e-012,5023000,1002000,4021000,5.01297
686280,-0.404713,-0.404713,2.44628e-011,6.04448e-011,5535000,1000000,4535000,5.535
753953,0.934191,0.934191,1.04852e-011,1.12238e-011,4983000,1002000,3981000,4.97305
-363759,-0.539171,-0.539171,1.19419e-011,2.21486e-011,5275000,1008000,4267000,5.23313
822379,-0.719402,-0.719402,2.22663e-011,3.09511e-011,5431000,1009000,4422000,5.38256
465914,0.137301,0.137301,1.79895e-011,1.31022e-010,5572000,1002000,4570000,5.56088
601066,-0.387762,-0.387762,2.15966e-011,5.56956e-011,5516000,502000,5014000,10.988
-412537,-0.835837,-0.835837,8.82805e-012,1.05619e-011,5017000,1001000,4016000,5.01199
-456814,-0.980578,-0.980578,3.49598e-012,3.56523e-012,5015000,1004000,4011000,4.99502
-128248,-0.998561,-0.998561,2.45692e-013,2.46046e-013,5031000,1503000,3528000,3.34731
-853893,-0.731886,-0.731886,2.26814e-011,3.09904e-011,5516000,0,5516000,inf
306655,-0.776914,-0.776914,7.52598e-012,9.68702e-012,6021000,0,6021000,inf
758256,0.821956,0.821956,1.68343e-011,2.04808e-011,6023000,1003000,5020000,6.00499
-676329,-0.565707,-0.565707,2.17396e-011,3.84291e-011,5606000,0,5606000,inf
-997320,-0.799733,-0.799733,2.33394e-011,2.9184e-011,6072000,502000,5570000,12.0956
-258171,-0.999897,-0.999897,1.08025e-013,1.08036e-013,5017000,1003000,4014000,5.00199
-644963,0.0937362,0.0937362,2.50302e-011,2.67029e-010,5570000,1012000,4558000,5.50395
929373,0.958779,0.958779,1.02932e-011,1.07357e-011,5517000,0,5517000,inf
515125,-0.974307,-0.974307,4.52482e-012,4.64415e-012,5517000,1003000,4514000,5.5005
-47758,0.499151,0.499151,1.61315e-012,3.2318e-012,6067000,570000,5497000,10.6439
-153283,0.902331,0.902331,2.57561e-012,2.85439e-012,5018000,1003000,4015000,5.00299
446155,-0.993859,-0.993859,1.93534e-012,1.9473e-012,5367000,1002000,4365000,5.35629
-731732,0.866374,0.866374,1.42446e-011,1.64416e-011,4085000,1502000,2583000,2.71971
-304411,-0.0531893,-0.0531893,1.18493e-011,2.22775e-010,5520000,1098000,4422000,5.02732
846436,0.084035,0.084035,3.28777e-011,3.91239e-010,6027000,0,6027000,inf
19606.3,0.337341,0.337341,7.19425e-013,2.13263e-012,6017000,1503000,4514000,4.00333
808087,0.637236,0.637236,2.42757e-011,3.80953e-011,5518000,1002000,4516000,5.50699
377917,0.487158,0.487158,1.28652e-011,2.64086e-011,6019000,1002000,5017000,6.00699
494411,0.0151046,0.0151046,1.92702e-011,1.27578e-009,5028000,1502000,3526000,3.34754
526986,0.612012,0.612012,1.62456e-011,2.65445e-011,6079000,0,6079000,inf
437359,-0.992144,-0.992144,2.12375e-012,2.14056e-012,5519000,1050000,4469000,5.25619
864081,-0.916892,-0.916892,1.34438e-011,1.46624e-011,6023000,0,6023000,inf
980789,0.638053,0.638053,2.94381e-011,4.61375e-011,6616000,0,6616000,inf
465781,0.984255,0.984255,3.20477e-012,3.25603e-012,6036000,1002000,5034000,6.02395
319351,0.7423,0.7423,8.34122e-012,1.1237e-011,5014000,1003000,4011000,4.999
-229532,-0.443806,-0.443806,8.01781e-012,1.8066e-011,5044000,1002000,4042000,5.03393
-691987,-0.90396,-0.90396,1.15347e-011,1.27601e-011,5514000,1508000,4006000,3.6565
650253,-0.0715554,-0.0715554,2.52822e-011,3.53323e-010,5535000,1070000,4465000,5.1729
-195251,-0.795253,-0.795253,4.61431e-012,5.80231e-012,4517000,1003000,3514000,4.50349
-774285,-0.97649,-0.97649,6.50879e-012,6.6655e-012,5012000,1503000,3509000,3.33466
-800125,0.946198,0.946198,1.0092e-011,1.06659e-011,5158000,1005000,4153000,5.13234
135520,-0.824615,-0.824615,2.98828e-012,3.62384e-012,5324000,1002000,4322000,5.31337
637122,0.738705,0.738705,1.67396e-011,2.26607e-011,5011000,1022000,3989000,4.90313
814961,0.538511,0.538511,2.6768e-011,4.97075e-011,5617000,1002000,4615000,5.60579
-562011,0.79515,0.79515,1.32849e-011,1.67074e-011,5515000,503000,5012000,10.9642
943621,-0.48547,-0.48547,3.21575e-011,6.62399e-011,6045000,0,6045000,inf
296199,-0.467282,-0.467282,1.02079e-011,2.18452e-011,6019000,1002000,5017000,6.00699
405379,0.114897,0.114897,1.56972e-011,1.3662e-010,5534000,1004000,4530000,5.51195
-313138,-0.594785,-0.594785,9.8126e-012,1.64977e-011,5517000,1002000,4515000,5.50599
787726,0.427409,0.427409,2.776e-011,6.49495e-011,5543000,1018000,4525000,5.44499
691320,-0.152381,-0.152381,2.66333e-011,1.74781e-010,4305000,1502000,2803000,2.86618
-485926,0.592982,0.592982,1.5252e-011,2.57209e-011,5515000,1004000,4511000,5.49303
676871,0.500717,0.500717,2.28391e-011,4.56127e-011,6024000,1002000,5022000,6.01198
19911.4,-0.0336227,-0.0336227,7.75713e-013,2.30711e-011,5012000,0,5012000,inf
863328,-0.735335,-0.735335,2.28068e-011,3.10155e-011,6030000,1003000,5027000,6.01196
-212184,-0.925486,-0.925486,3.13338e-012,3.38566e-012,5516000,983000,4533000,5.61139
597209,-0.999158,-0.999158,9.29368e-013,9.30151e-013,4533000,1003000,3530000,4.51944
-100064,0.816746,0.816746,2.25064e-012,2.75562e-012,5020000,1002000,4018000,5.00998
-79276.6,-0.999096,-0.999096,1.05582e-013,1.05678e-013,5321000,1503000,3818000,3.54025
815579,0.203955,0.203955,3.11234e-011,1.526e-010,5357000,1009000,4348000,5.30922
-911771,0.62785,0.62785,2.76631e-011,4.406e-011,6030000,0,6030000,inf
100838,-0.470619,-0.470619,3.46823e-012,7.36949e-012,6024000,0,6024000,inf
374173,-0.184932,-0.184932,1.43338e-011,7.75086e-011,6028000,1006000,5022000,5.99205
962008,0.831175,0.831175,2.08501e-011,2.50851e-011,5025000,1533000,3492000,3.27789
723675,0.478954,0.478954,2.47631e-011,5.17025e-011,5056000,1503000,3553000,3.36394
889819,0.401776,0.401776,3.17629e-011,7.90562e-011,5516000,1002000,4514000,5.50499
297459,0.61956,0.61956,9.10161e-012,1.46904e-011,5520000,0,5520000,inf
832412,-0.342553,-0.342553,3.04846e-011,8.89924e-011,5982000,1002000,4980000,5.97006
-904871,0.81092,0.81092,2.06399e-011,2.54525e-011,5025000,1002000,4023000,5.01497
-324607,0.891538,0.891538,5.7313e-012,6.42856e-012,5041000,1502000,3539000,3.35619
-362304,-0.539235,-0.539235,1.18936e-011,2.20564e-011,5517000,0,5517000,inf
-945618,0.956275,0.956275,1.07796e-011,1.12725e-011,5330000,1003000,4327000,5.31406
155981,0.541233,0.541233,5.11258e-012,9.44617e-012,6017000,0,6017000,inf
705569,-0.937575,-0.937575,9.5649e-012,1.02017e-011,5538000,1002000,4536000,5.52695
967806,0.811186,0.811186,2.20614e-011,2.71964e-011,5555000,503000,5052000,11.0437
-341718,-0.836862,-0.836862,7.29172e-012,8.71317e-012,5017000,1003000,4014000,5.00199
-494497,0.585445,0.585445,1.56272e-011,2.66928e-011,5605000,1100000,4505000,5.09545
-119666,-0.624979,-0.624979,3.64142e-012,5.82647e-012,5014000,1502000,3512000,3.33822
-727669,-0.69907,-0.69907,2.02823e-011,2.90133e-011,5553000,1002000,4551000,5.54192
-783887,0.400838,0.400838,2.79941e-011,6.9839e-011,5524000,1008000,4516000,5.48016
530962,0.968641,0.968641,5.141e-012,5.30744e-012,5011000,503000,4508000,9.96223
-560038,0.959344,0.959344,6.16052e-012,6.42159e-012,5530000,1002000,4528000,5.51896
789196,0.737612,0.737612,2.07722e-011,2.81614e-011,5517000,503000,5014000,10.9682
-370459,-0.336621,-0.336621,1.3598e-011,4.03956e-011,5623000,1002000,4621000,5.61178
382225,0.156386,0.156386,1.4716e-011,9.41003e-011,5351000,1003000,4348000,5.335
-134515,0.895245,0.895245,2.33635e-012,2.60973e-012,5517000,0,5517000,inf
-186520,0.00693751,0.00693751,7.27044e-012,1.04799e-009,5541000,1003000,4538000,5.52443
-980982,-0.839537,-0.839537,2.07755e-011,2.47464e-011,6017000,0,6017000,inf
-566548,0.292898,0.292898,2.11158e-011,7.20928e-011,6029000,0,6029000,inf
-260577,-0.357746,-0.357746,9.48508e-012,2.65134e-011,6017000,1001000,5016000,6.01099
-505510,-0.504092,-0.504092,1.70182e-011,3.376e-011,5521000,1026000,4495000,5.38109
-54541,-0.166835,-0.166835,2.09627e-012,1.25649e-011,6022000,0,6022000,inf
298917,0.271455,0.271455,1.12144e-011,4.13121e-011,6028000,1002000,5026000,6.01597
-177312,-0.240944,-0.240944,6.70811e-012,2.78409e-011,5544000,503000,5041000,11.0219
8511.04,-0.445325,-0.445325,2.97096e-013,6.67144e-013,5532000,1002000,4530000,5.52096
356176,0.837412,0.837412,7.58871e-012,9.0621e-012,5029000,1098000,3931000,4.58015
-70357.5,0.997194,0.997194,2.226e-013,2.23226e-013,4513000,1516000,2997000,2.97691
-354512,-0.650151,-0.650151,1.04999e-011,1.615e-011,5523000,1002000,4521000,5.51198
408859,-0.431965,-0.431965,1.43738e-011,3.32754e-011,5035000,1002000,4033000,5.02495
-589471,-0.91839,-0.91839,9.09206e-012,9.9e-012,5013000,1011000,4002000,4.95846
297759,-0.999556,-0.999556,3.76255e-013,3.76422e-013,5599000,1002000,4597000,5.58782
-310226,-0.384607,-0.384607,1.11626e-011,2.90233e-011,5517000,502000,5015000,10.99
-272829,-0.651109,-0.651109,8.07177e-012,1.2397e-011,6028000,1029000,4999000,5.85811
184635,-0.41336,-0.41336,6.55354e-012,1.58543e-011,4946000,1002000,3944000,4.93613
-108380,-0.927456,-0.927456,1.58007e-012,1.70366e-012,5135000,1000000,4135000,5.135
-492481,0.924221,0.924221,7.33036e-012,7.93139e-012,5581000,0,5581000,inf
-160025,0.892511,0.892511,2.81319e-012,3.152e-012,6027000,518000,5509000,11.6351
-979470,0.270661,0.270661,3.6755e-011,1.35797e-010,5022000,1003000,4019000,5.00698
-462842,0.756914,0.756914,1.17905e-011,1.5577e-011,6019000,0,6019000,inf
-190399,-0.126388,-0.126388,7.36233e-012,5.82517e-011,5521000,1507000,4014000,3.66357
-961331,0.0648139,0.0648139,3.73943e-011,5.76948e-010,5071000,1002000,4069000,5.06088
383952,-0.631444,-0.631444,1.16054e-011,1.83791e-011,6023000,1002000,5021000,6.01098
971300,0.997631,0.997631,2.62301e-012,2.62924e-012,4511000,1003000,3508000,4.49751
741522,-0.906597,-0.906597,1.21977e-011,1.34544e-011,5515000,1001000,4514000,5.50949
-623056,-0.595651,-0.595651,1.95083e-011,3.27512e-011,5450000,574000,4876000,9.49477
143274,-0.902446,-0.902446,2.40574e-012,2.6658e-012,5417000,1004000,4413000,5.39542
-833564,0.745224,0.745224,2.16667e-011,2.9074e-011,5026000,1001000,4025000,5.02098
-959951,0.197558,0.197558,3.66818e-011,1.85676e-010,5514000,502000,5012000,10.9841
-980486,-0.992733,-0.992733,4.60887e-012,4.64261e-012,5534000,1002000,4532000,5.52295
-938716,-0.902187,-0.902187,1.57836e-011,1.74948e-011,5021000,1002000,4019000,5.01098
823527,0.194256,0.194256,3.14899e-011,1.62105e-010,5028000,1503000,3525000,3.34531
-172709,-0.232093,-0.232093,6.54843e-012,2.82146e-011,5517000,1002000,4515000,5.50599
-386099,0.489049,0.489049,1.31277e-011,2.68434e-011,5012000,1001000,4011000,5.00699
987167,0.390112,0.390112,3.54313e-011,9.08234e-011,6022000,0,6022000,inf
112057,0.290912,0.290912,4.17916e-012,1.43657e-011,6017000,1002000,5015000,6.00499
906046,-0.990397,-0.990397,4.87521e-012,4.92248e-012,5029000,1008000,4021000,4.98909
-246807,0.728233,0.728233,6.5935e-012,9.05412e-012,5017000,1002000,4015000,5.00699
-157463,-0.194635,-0.194635,6.0206e-012,3.09328e-011,5614000,1002000,4612000,5.60279
226861,0.647757,0.647757,6.73728e-012,1.04009e-011,5513000,1005000,4508000,5.48557
-57125.3,0.983028,0.983028,4.04343e-013,4.11324e-013,5513000,0,5513000,inf
-240006,-0.95289,-0.95289,2.8384e-012,2.97873e-012,6025000,0,6025000,inf
-95845.1,-0.990098,-0.990098,5.31797e-013,5.37115e-013,6020000,0,6020000,inf
-692363,0.0598062,0.0598062,2.69403e-011,4.5046e-010,6048000,1004000,5044000,6.0239
781626,-0.643492,-0.643492,2.33218e-011,3.62426e-011,5518000,1006000,4512000,5.48509
234829,0.78575,0.78575,5.66192e-012,7.20575e-012,5016000,1014000,4002000,4.94675
25961.9,-0.236275,-0.236275,9.83352e-013,4.16191e-012,5025000,1002000,4023000,5.01497
-164091,0.853847,0.853847,3.32945e-012,3.89935e-012,5022000,1000000,4022000,5.022
-789554,-0.733082,-0.733082,2.09328e-011,2.85545e-011,5123000,1002000,4121000,5.11277
-997156,-0.99952,-0.99952,1.17384e-012,1.1744e-012,5509000,1009000,4500000,5.45986
503915,-0.500105,-0.500105,1.70102e-011,3.40132e-011,5013000,1070000,3943000,4.68505
386990,0.944946,0.944946,4.93572e-012,5.22328e-012,5523000,1002000,4521000,5.51198
-584628,-0.326447,-0.326447,2.15405e-011,6.59848e-011,5514000,1035000,4479000,5.32754
-135032,-0.322568,-0.322568,4.98229e-012,1.54457e-011,5045000,1002000,4043000,5.03493
314053,0.837716,0.837716,6.68554e-012,7.98067e-012,5026000,1002000,4024000,5.01597
858757,0.37907,0.37907,3.09764e-011,8.1717e-011,6034000,0,6034000,inf
201984,-0.999895,-0.999895,1.50546e-013,1.50562e-013,5525000,1003000,4522000,5.50847
-616227,0.556117,0.556117,1.99639e-011,3.58987e-011,6030000,0,6030000,inf
-880946,0.169295,0.169295,3.3844e-011,1.99912e-010,6039000,0,6039000,inf
8217.1,-0.964056,-0.964056,8.38218e-014,8.69471e-014,6017000,1002000,5015000,6.00499
-670677,0.52225,0.52225,2.22947e-011,4.26897e-011,5517000,503000,5014000,10.9682
478668,0.702721,0.702721,1.3275e-011,1.88909e-011,6018000,1004000,5014000,5.99402
232504,0.71268,0.71268,6.35747e-012,8.92051e-012,5014000,1011000,4003000,4.95945
-693834,-0.289695,-0.289695,2.58862e-011,8.93567e-011,5520000,1004000,4516000,5.49801
74174.4,0.984668,0.984668,5.08926e-013,5.1685e-013,5211000,0,5211000,inf
-906333,-0.853302,-0.853302,1.84213e-011,2.15882e-011,5551000,1009000,4542000,5.50149
124525,-0.822482,-0.822482,2.7609e-012,3.35679e-012,5020000,1004000,4016000,5
451888,0.999921,0.999921,2.58571e-013,2.58591e-013,5019000,1043000,3976000,4.81208
-682045,0.917115,0.917115,1.05977e-011,1.15555e-011,5518000,502000,5016000,10.992
883355,0.736514,0.736514,2.32917e-011,3.16243e-011,4963000,1341000,3622000,3.70097
550747,0.857158,0.857158,1.10574e-011,1.29e-011,5013000,1008000,4005000,4.97321
-306363,-0.803726,-0.803726,7.10554e-012,8.84075e-012,5513000,1002000,4511000,5.502
-941070,0.683927,0.683927,2.67624e-011,3.91304e-011,5517000,1121000,4396000,4.9215
-683531,-0.870259,-0.870259,1.31247e-011,1.50814e-011,5076000,1002000,4074000,5.06587
267376,0.755924,0.755924,6.82332e-012,9.02646e-012,5014000,1003000,4011000,4.999
-610290,0.965768,0.965768,6.17262e-012,6.39141e-012,5022000,1002000,4020000,5.01198
-750939,0.611329,0.611329,2.3165e-011,3.78929e-011,5512000,1011000,4501000,5.45203
202339,0.973926,0.973926,1.78713e-012,1.83497e-012,5298000,0,5298000,inf
-56503.3,0.990725,0.990725,2.91323e-013,2.9405e-013,5434000,1002000,4432000,5.42315
-580565,0.908167,0.908167,9.47342e-012,1.04314e-011,5014000,1003000,4011000,4.999
-723258,-0.312925,-0.312925,2.6777e-011,8.55701e-011,6231000,0,6231000,inf
-320975,0.910123,0.910123,5.18396e-012,5.6959e-012,6015000,0,6015000,inf
95965.7,0.536938,0.536938,3.15592e-012,5.87762e-012,6033000,1011000,5022000,5.96736
-413550,-0.0537126,-0.0537126,1.60971e-011,2.99689e-010,5100000,1002000,4098000,5.08982
-874418,0.628971,0.628971,2.64988e-011,4.21304e-011,5513000,1507000,4006000,3.65826
-347062,0.48274,0.48274,1.18479e-011,2.45429e-011,5046000,1002000,4044000,5.03593
-391851,0.241451,0.241451,1.48226e-011,6.13896e-011,5555000,1002000,4553000,5.54391
819534,-0.646284,-0.646284,2.43778e-011,3.772e-011,4511000,1525000,2986000,2.95803
-714518,-0.338975,-0.338975,2.62032e-011,7.73012e-011,5518000,1002000,4516000,5.50699
511173,-0.969682,-0.969682,4.87088e-012,5.02317e-012,5547000,0,5547000,inf
-492565,-0.990573,-0.990573,2.63778e-012,2.66288e-012,6234000,1003000,5231000,6.21535
711246,0.999666,0.999666,6.84897e-013,6.85126e-013,4515000,1062000,3453000,4.25141
480233,0.0178679,0.0178679,1.87167e-011,1.04751e-009,5037000,1482000,3555000,3.39879
870454,0.331125,0.331125,3.20165e-011,9.66902e-011,5552000,1004000,4548000,5.52988
121508,-0.15682,-0.15682,4.67781e-012,2.98292e-011,5295000,1003000,4292000,5.27916
-11026.6,0.358364,0.358364,4.0129e-013,1.11978e-012,5014000,1505000,3509000,3.33156
-555266,-0.994576,-0.994576,2.23965e-012,2.25187e-012,5586000,0,5586000,inf
75020.1,-0.920173,-0.920173,1.14475e-012,1.24406e-012,5041000,1003000,4038000,5.02592
-394180,0.893907,0.893907,6.88771e-012,7.70518e-012,6027000,0,6027000,inf
178417,-0.268815,-0.268815,6.69881e-012,2.49198e-011,6031000,1003000,5028000,6.01296
857623,-0.754156,-0.754156,2.19538e-011,2.91104e-011,5514000,503000,5011000,10.9622
-536310,-0.737711,-0.737711,1.41138e-011,1.91319e-011,5010000,1003000,4007000,4.99501
-361101,-0.362339,-0.362339,1.31193e-011,3.62072e-011,5551000,1002000,4549000,5.53992
-20302.3,-0.965466,-0.965466,2.07501e-013,2.14923e-013,6025000,1008000,5017000,5.97718
-91465,-0.625177,-0.625177,2.78266e-012,4.451e-012,4970000,1002000,3968000,4.96008
425376,-0.916311,-0.916311,6.64047e-012,7.24696e-012,5018000,1003000,4015000,5.00299
-498439,-0.412417,-0.412417,1.77001e-011,4.2918e-011,6029000,1000000,5029000,6.029
-587580,-0.92102,-0.92102,8.92131e-012,9.68633e-012,4563000,1002000,3561000,4.55389
320489,0.74018,0.74018,8.40028e-012,1.1349e-011,5514000,503000,5011000,10.9622
573395,-0.926511,-0.926511,8.41016e-012,9.07724e-012,5024000,1002000,4022000,5.01397
-205612,-0.828328,-0.828328,4.4903e-012,5.42092e-012,5960000,0,5960000,inf
-326052,0.906028,0.906028,5.37881e-012,5.93669e-012,5018000,1503000,3515000,3.33866
-285322,-0.164569,-0.164569,1.09704e-011,6.66612e-011,5518000,1003000,4515000,5.5015
459916,-0.318656,-0.318656,1.69932e-011,5.33278e-011,5562000,1011000,4551000,5.50148
751754,0.862549,0.862549,1.48268e-011,1.71895e-011,5027000,1004000,4023000,5.00697
148409,0.0372942,0.0372942,5.78101e-012,1.55011e-010,5627000,1002000,4625000,5.61577
-717018,0.0566913,0.0566913,2.79047e-011,4.92223e-010,5021000,975000,4046000,5.14974
517960,-0.479067,-0.479067,1.77227e-011,3.69941e-011,6019000,0,6019000,inf
-502394,-0.524408,-0.524408,1.66748e-011,3.17973e-011,6439000,0,6439000,inf
665253,0.991354,0.991354,3.39417e-012,3.42378e-012,5524000,1507000,4017000,3.66556
-11254.8,-0.996059,-0.996059,2.44249e-014,2.45215e-014,4591000,1002000,3589000,4.58184
-59929.2,-0.212867,-0.212867,2.28254e-012,1.07228e-011,5044000,1002000,4042000,5.03393
513237,0.995549,0.995549,1.89881e-012,1.9073e-012,5321000,1503000,3818000,3.54025
-570564,-0.73441,-0.73441,1.5095e-011,2.0554e-011,4518000,1003000,3515000,4.50449
-157071,0.460275,0.460275,5.43549e-012,1.18092e-011,5526000,1179000,4347000,4.68702
492280,-0.755611,-0.755611,1.25694e-011,1.66347e-011,5013000,1008000,4005000,4.97321
722629,-0.122218,-0.122218,2.79572e-011,2.28749e-010,6021000,0,6021000,inf
-698833,0.977433,0.977433,5.75173e-012,5.88453e-012,6015000,502000,5513000,11.9821
-6366.18,-0.966925,-0.966925,6.4615e-014,6.68252e-014,5569000,0,5569000,inf
576597,0.983408,0.983408,4.07308e-012,4.1418e-012,5520000,1002000,4518000,5.50898
161569,0.173572,0.173572,6.20243e-012,3.57339e-011,6022000,0,6022000,inf
901679,-0.993335,-0.993335,4.06153e-012,4.08878e-012,6072000,1002000,5070000,6.05988
112285,-0.999794,-0.999794,1.2268e-013,1.22705e-013,5297000,0,5297000,inf
726284,-0.946587,-0.946587,9.12914e-012,9.64427e-012,6034000,0,6034000,inf
-163147,0.987473,0.987473,1.0093e-012,1.02211e-012,6095000,0,6095000,inf
155666,-0.206738,-0.206738,5.93683e-012,2.87167e-011,5513000,1503000,4010000,3.668
754862,0.219602,0.219602,2.87065e-011,1.3072e-010,5536000,1003000,4533000,5.51944
-203517,0.948609,0.948609,2.50999e-012,2.64597e-012,5020000,1011000,4009000,4.96538
771339,0.130803,0.130803,2.98088e-011,2.27891e-010,5105000,1004000,4101000,5.08466
-433193,0.744342,0.744342,1.12765e-011,1.51497e-011,5019000,1002000,4017000,5.00898
31120.7,0.0715761,0.0715761,1.20998e-012,1.69048e-011,6021000,958000,5063000,6.28497
342128,0.84109,0.84109,7.21334e-012,8.57619e-012,5019000,1001000,4018000,5.01399
69099.3,0.0526458,0.0526458,2.68979e-012,5.10921e-011,5022000,1002000,4020000,5.01198
556810,0.499943,0.499943,1.87975e-011,3.75992e-011,6030000,503000,5527000,11.9881
-238206,0.575826,0.575826,7.59137e-012,1.31834e-011,5438000,1002000,4436000,5.42715
-799898,0.982527,0.982527,5.79947e-012,5.90261e-012,5093000,1003000,4090000,5.07777
-761544,-0.413249,-0.413249,2.7032e-011,6.54133e-011,5011000,1003000,4008000,4.99601
-340706,0.0853038,0.0853038,1.32324e-011,1.55121e-010,5954000,1001000,4953000,5.94805
-492249,0.669277,0.669277,1.42572e-011,2.13023e-011,5312000,1008000,4304000,5.26984
514571,-0.290375,-0.290375,1.91939e-011,6.61005e-011,5012000,1009000,4003000,4.96729
-924129,0.976454,0.976454,7.77356e-012,7.96101e-012,6011000,0,6011000,inf
754090,0.989245,0.989245,4.30644e-012,4.35326e-012,5492000,1508000,3984000,3.64191
-79565.2,-0.949487,-0.949487,9.73666e-013,1.02546e-012,4565000,1015000,3550000,4.49754
-647135,0.983286,0.983286,4.59699e-012,4.67513e-012,5020000,1003000,4017000,5.00499
22143.5,0.999921,0.999921,2.66454e-014,2.66475e-014,5018000,1004000,4014000,4.99801
-521388,-0.0680505,-0.0680505,2.02768e-011,2.97967e-010,5559000,1002000,4557000,5.5479
-402229,0.994207,0.994207,1.69653e-012,1.70642e-012,5514000,503000,5011000,10.9622
817801,0.801477,0.801477,1.9064e-011,2.37861e-011,5624000,1003000,4621000,5.60718
-868612,0.402925,0.402925,3.09888e-011,7.69096e-011,6100000,0,6100000,inf
-139515,0.357801,0.357801,5.07833e-012,1.41931e-011,5523000,1507000,4016000,3.6649
-2035.53,0.217456,0.217456,7.74658e-014,3.56237e-013,5023000,1002000,4021000,5.01297
490967,-0.822672,-0.822672,1.08805e-011,1.32258e-011,5099000,1007000,4092000,5.06356
782294,-0.645479,-0.645479,2.32908e-011,3.6083e-011,5042000,1502000,3540000,3.35686
429568,-0.320329,-0.320329,1.58624e-011,4.95192e-011,5517000,1002000,4515000,5.50599
485435,0.389037,0.389037,1.74318e-011,4.48075e-011,5937000,0,5937000,inf
-602453,-0.871064,-0.871064,1.15344e-011,1.32418e-011,6020000,0,6020000,inf
252570,-0.978484,-0.978484,2.02827e-012,2.07287e-012,6022000,0,6022000,inf
-345436,0.892285,0.892285,6.07914e-012,6.813e-012,5515000,1507000,4008000,3.65959
-904624,-0.868762,-0.868762,1.7463e-011,2.01011e-011,5013000,1003000,4010000,4.99801
-64423.9,-0.690691,-0.690691,1.8161e-012,2.6294e-012,5020000,1012000,4008000,4.96047
731249,-0.394255,-0.394255,2.61957e-011,6.64435e-011,5047000,1503000,3544000,3.35795
614121,0.449191,0.449191,2.13877e-011,4.76138e-011,5518000,1002000,4516000,5.50699
-584646,-0.917997,-0.917997,9.03788e-012,9.84521e-012,5032000,1002000,4030000,5.02196
-438085,-0.819713,-0.819713,9.78106e-012,1.19323e-011,5013000,1008000,4005000,4.97321
676269,-0.730795,-0.730795,1.79941e-011,2.46226e-011,5573000,0,5573000,inf
62597.1,-0.746753,-0.746753,1.6227e-012,2.17301e-012,5512000,1005000,4507000,5.48458
-387417,-0.8952,-0.8952,6.73028e-012,7.51819e-012,5530000,0,5530000,inf
610964,-0.686728,-0.686728,1.73119e-011,2.52093e-011,6018000,1003000,5015000,6
-359331,-0.830934,-0.830934,7.7931e-012,9.37872e-012,5019000,0,5019000,inf
742033,0.956081,0.956081,8.47711e-012,8.86651e-012,6575000,0,6575000,inf
406276,-0.964413,-0.964413,4.18598e-012,4.34045e-012,5014000,1384000,3630000,3.62283
-182284,-0.595522,-0.595522,5.70832e-012,9.58542e-012,6025000,1002000,5023000,6.01297
-80292.7,0.153495,0.153495,3.09275e-012,2.01488e-011,5616000,0,5616000,inf
-700242,0.483439,0.483439,2.38941e-011,4.94253e-011,6024000,1005000,5019000,5.99403
706639,0.160654,0.160654,2.71873e-011,1.69229e-010,5526000,1002000,4524000,5.51497
-628006,-0.995394,-0.995394,2.36011e-012,2.37103e-012,5016000,1002000,4014000,5.00599
-221590,-0.477855,-0.477855,7.58765e-012,1.58786e-011,5013000,1503000,3510000,3.33533
-140075,0.910017,0.910017,2.26374e-012,2.48759e-012,4522000,1002000,3520000,4.51297
37255.5,0.625329,0.625329,1.13332e-012,1.81235e-012,6023000,1002000,5021000,6.01098
-196944,0.898342,0.898342,3.37252e-012,3.75417e-012,5024000,1004000,4020000,5.00398
-697656,-0.503386,-0.503386,2.34981e-011,4.66801e-011,5529000,1004000,4525000,5.50697
425046,0.886879,0.886879,7.65488e-012,8.63125e-012,5011000,503000,4508000,9.96223
-692337,0.802403,0.802403,1.61058e-011,2.00719e-011,5560000,1003000,4557000,5.54337
666296,0.918038,0.918038,1.02979e-011,1.12173e-011,4533000,1002000,3531000,4.52395
-453676,0.849313,0.849313,9.33542e-012,1.09917e-011,5017000,1003000,4014000,5.00199
-850991,-0.229233,-0.229233,3.22887e-011,1.40855e-010,5548000,1001000,4547000,5.54246
290204,0.890241,0.890241,5.15266e-012,5.78793e-012,5515000,1231000,4284000,4.4801
335209,0.959767,0.959767,3.67018e-012,3.82403e-012,5012000,1009000,4003000,4.96729
-782532,0.993442,0.993442,3.47722e-012,3.50017e-012,4938000,1002000,3936000,4.92814
151663,-0.348712,-0.348712,5.54085e-012,1.58895e-011,4527000,1522000,3005000,2.97438
918230,-0.993346,-0.993346,4.11216e-012,4.1397e-012,5522000,1002000,4520000,5.51098
-982482,0.770662,0.770662,2.44048e-011,3.16673e-011,5014000,1002000,4012000,5.00399
635192,0.0138783,0.0138783,2.47577e-011,1.78391e-009,5013000,1008000,4005000,4.97321
-6121,-0.924215,-0.924215,9.12603e-014,9.87436e-014,5673000,1002000,4671000,5.66168
-77510,-0.610959,-0.610959,2.39186e-012,3.91493e-012,5543000,503000,5040000,11.0199
682060,0.814415,0.814415,1.5428e-011,1.89436e-011,5016000,1002000,4014000,5.00599
653100,0.13593,0.13593,2.52218e-011,1.85549e-010,6024000,0,6024000,inf
511964,-0.26631,-0.26631,1.92358e-011,7.22309e-011,5018000,1502000,3516000,3.34088
566249,0.996357,0.996357,1.86728e-012,1.87411e-012,5515000,1003000,4512000,5.4985
608437,-0.86014,-0.86014,1.20972e-011,1.40642e-011,5473000,0,5473000,inf
883425,-0.0902213,-0.0902213,3.42959e-011,3.8013e-010,6024000,1003000,5021000,6.00598
171342,-0.0431932,-0.0431932,6.67277e-012,1.54487e-010,5025000,1002000,4023000,5.01497
-755379,-0.738081,-0.738081,1.98671e-011,2.69172e-011,6021000,0,6021000,inf
-708709,0.183674,0.183674,2.71558e-011,1.47848e-010,6000000,1008000,4992000,5.95238
485611,0.668933,0.668933,1.40705e-011,2.10343e-011,5315000,1002000,4313000,5.30439
-108951,-0.835896,-0.835896,2.33125e-012,2.78892e-012,5520000,503000,5017000,10.9742
935808,0.262826,0.262826,3.51957e-011,1.33913e-010,5111000,1002000,4109000,5.1008
-533976,0.424706,0.424706,1.88441e-011,4.43698e-011,5880000,1004000,4876000,5.85657
-962970,-0.0119006,-0.0119006,3.75343e-011,3.15399e-009,6538000,1005000,5533000,6.50547
911109,0.00452388,0.00452388,3.55151e-011,7.85057e-009,5522000,1002000,4520000,5.51098
-634711,-0.897918,-0.897918,1.08902e-011,1.21283e-011,6027000,0,6027000,inf
862822,0.532387,0.532387,2.84707e-011,5.34774e-011,6521000,1005000,5516000,6.48856
-758723,0.544844,0.544844,2.48001e-011,4.55177e-011,5514000,1005000,4509000,5.48657
-421629,-0.945622,-0.945622,5.34561e-012,5.65301e-012,5041000,1007000,4034000,5.00596
-438375,0.705186,0.705186,1.21156e-011,1.71808e-011,6516000,0,6516000,inf
866059,-0.354664,-0.354664,3.15648e-011,8.89993e-011,6529000,0,6529000,inf
-810901,0.490182,0.490182,2.75514e-011,5.62064e-011,6023000,1003000,5020000,6.00499
-36231.5,-0.461505,-0.461505,1.25294e-012,2.7149e-012,5045000,2013000,3032000,2.50621
-347409,0.590032,0.590032,1.09336e-011,1.85305e-011,5024000,1002000,4022000,5.01397
-286452,-0.898366,-0.898366,4.90474e-012,5.45963e-012,5639000,1024000,4615000,5.50684
-664169,0.923668,0.923668,9.92051e-012,1.07403e-011,5514000,1008000,4506000,5.47024
690359,0.0415917,0.0415917,2.68872e-011,6.46456e-010,5022000,1002000,4020000,5.01198
-282011,-0.630533,-0.630533,8.5324e-012,1.3532e-011,6023000,1008000,5015000,5.9752
-187970,-0.920069,-0.920069,2.87037e-012,3.11973e-012,5018000,1003000,4015000,5.00299
146773,-0.796228,-0.796228,3.46134e-012,4.34718e-012,5035000,2006000,3029000,2.50997
711031,0.347607,0.347607,2.59879e-011,7.47622e-011,6026000,531000,5495000,11.3484
-992258,0.987991,0.987991,5.97022e-012,6.04279e-012,6024000,0,6024000,inf
-754007,0.690363,0.690363,2.12638e-011,3.08008e-011,6026000,1003000,5023000,6.00798
476716,-0.989975,-0.989975,2.61746e-012,2.64397e-012,5517000,972000,4545000,5.67593
142604,0.424289,0.424289,5.03358e-012,1.18636e-011,5551000,0,5551000,inf
933392,-0.202186,-0.202186,3.56326e-011,1.76237e-010,6033000,1002000,5031000,6.02096
791299,0.591656,0.591656,2.4867e-011,4.20295e-011,6023000,0,6023000,inf
778720,0.756588,0.756588,1.98489e-011,2.62348e-011,5619000,1002000,4617000,5.60778
-742294,0.921712,0.921712,1.12232e-011,1.21765e-011,5014000,1002000,4012000,5.00399
-879574,0.169992,0.169992,3.37871e-011,1.98757e-010,5367000,1503000,3864000,3.57086
351988,-0.906281,-0.906281,5.79947e-012,6.3992e-012,5135000,1003000,4132000,5.11964
-689339,0.853717,0.853717,1.39926e-011,1.63902e-011,4966000,1009000,3957000,4.9217
-265193,0.991621,0.991621,1.34381e-012,1.35517e-012,5020000,1003000,4017000,5.00499
-108805,0.985129,0.985129,7.23865e-013,7.34792e-013,5546000,0,5546000,inf
-156449,0.917879,0.917879,2.42029e-012,2.63683e-012,6026000,1006000,5020000,5.99006
156531,-0.990522,-0.990522,8.4599e-013,8.54085e-013,5019000,1002000,4017000,5.00898
414954,-0.320267,-0.320267,1.53231e-011,4.78449e-011,6017000,0,6017000,inf
-132558,-0.932134,-0.932134,1.87095e-012,2.00717e-012,6001000,1000000,5001000,6.001
220778,-0.0938975,-0.0938975,8.56802e-012,9.12487e-011,5529000,1001000,4528000,5.52348
-817240,0.961268,0.961268,8.77909e-012,9.13282e-012,5004000,1000000,4004000,5.004
-855966,-0.987441,-0.987441,5.27722e-012,5.34434e-012,5001000,1000000,4001000,5.001
-258512,-0.111531,-0.111531,1.0014e-011,8.97872e-011,6017000,1004000,5013000,5.99303
328460,0.402729,0.402729,1.17193e-011,2.90997e-011,5515000,503000,5012000,10.9642
989781,-0.21148,-0.21148,3.77095e-011,1.78312e-010,6025000,1007000,5018000,5.98312
697197,0.771709,0.771709,1.7284e-011,2.2397e-011,4554000,1002000,3552000,4.54491
-805474,-0.589388,-0.589388,2.53646e-011,4.30355e-011,6014000,502000,5512000,11.9801
-47284.4,0.281004,0.281004,1.76886e-012,6.29479e-012,6034000,0,6034000,inf
274798,-0.214251,-0.214251,1.0463e-011,4.88353e-011,5995000,1003000,4992000,5.97707
549195,0.45492,0.45492,1.90644e-011,4.19072e-011,5030000,1502000,3528000,3.34887
-318250,0.0697851,0.0697851,1.23753e-011,1.77334e-010,5528000,1005000,4523000,5.5005
-512841,-0.772726,-0.772726,1.26888e-011,1.64209e-011,5029000,1011000,4018000,4.97428
685777,-0.99117,-0.99117,3.55294e-012,3.58459e-012,5018000,1003000,4015000,5.00299
-296963,-0.790909,-0.790909,7.08356e-012,8.95623e-012,5019000,1002000,4017000,5.00898
-613238,0.840629,0.840629,1.29468e-011,1.54013e-011,5525000,503000,5022000,10.9841
236480,-0.423245,-0.423245,8.35171e-012,1.97326e-011,5616000,1003000,4613000,5.5992
-331790,-0.370023,-0.370023,1.20154e-011,3.2472e-011,5774000,0,5774000,inf
926579,-0.512277,-0.512277,3.10192e-011,6.05516e-011,6017000,1000000,5017000,6.017
780297,0.78209,0.78209,1.89544e-011,2.42356e-011,5511000,0,5511000,inf
522716,-0.706267,-0.706267,1.44251e-011,2.04245e-011,6037000,1002000,5035000,6.02495
-14689.7,0.334783,0.334783,5.39679e-013,1.61203e-012,5013000,1005000,4008000,4.98806
-299819,0.805366,0.805366,6.92768e-012,8.6019e-012,5130000,1004000,4126000,5.10956
668891,0.997727,0.997727,1.77547e-012,1.77951e-012,5512000,502000,5010000,10.9801
-911747,-0.0205338,-0.0205338,3.55328e-011,1.73046e-009,6023000,0,6023000,inf
-316083,-0.940606,-0.940606,4.18332e-012,4.44747e-012,5525000,1002000,4523000,5.51397
812486,0.991055,0.991055,4.23461e-012,4.27283e-012,5012000,1502000,3510000,3.33688
232361,0.506021,0.506021,7.81242e-012,1.54389e-011,5517000,1003000,4514000,5.5005
892439,0.539024,0.539024,2.93015e-011,5.43602e-011,5015000,1002000,4013000,5.00499
-634346,-0.99998,-0.99998,1.14242e-013,1.14244e-013,5036000,1009000,4027000,4.99108
69239.8,-0.758075,-0.758075,1.76026e-012,2.32201e-012,5538000,1002000,4536000,5.52695
-229066,0.129113,0.129113,8.85436e-012,6.85786e-011,5513000,1008000,4505000,5.46925
-393556,-0.830624,-0.830624,8.54239e-012,1.02843e-011,4803000,1005000,3798000,4.7791
-160235,-0.999974,-0.999974,4.77396e-015,4.77408e-015,5026000,1004000,4022000,5.00598
-65149.5,0.764584,0.764584,1.63691e-012,2.14092e-012,5020000,1503000,3517000,3.33999
-982765,0.223013,0.223013,3.73438e-011,1.67451e-010,5299000,1004000,4295000,5.27789
205415,-0.863702,-0.863702,4.03555e-012,4.67239e-012,5014000,580000,4434000,8.64483
-322990,-0.508909,-0.508909,1.08381e-011,2.12967e-011,6528000,502000,6026000,13.004
-701662,0.0891431,0.0891431,2.72422e-011,3.05601e-010,5523000,1000000,4523000,5.523
343220,0.737875,0.737875,9.02978e-012,1.22375e-011,6026000,422000,5604000,14.2796
412949,-0.918705,-0.918705,6.35725e-012,6.91979e-012,5599000,0,5599000,inf
67861.3,0.23211,0.23211,2.573e-012,1.10852e-011,6036000,1003000,5033000,6.01795
-167457,0.793524,0.793524,3.97227e-012,5.00586e-012,5514000,0,5514000,inf
958982,-0.847394,-0.847394,1.98483e-011,2.34228e-011,5519000,1002000,4517000,5.50798
-464297,-0.786876,-0.786876,1.11687e-011,1.41938e-011,5087000,1002000,4085000,5.07685
396716,0.862784,0.862784,7.81819e-012,9.06159e-012,6016000,0,6016000,inf
784412,0.0525576,0.0525576,3.05344e-011,5.80971e-010,5563000,1003000,4560000,5.54636
-775963,-0.86427,-0.86427,1.52154e-011,1.76049e-011,6017000,0,6017000,inf
747126,-0.995695,-0.995695,2.68585e-012,2.69746e-012,6017000,1018000,4999000,5.91061
-773098,-0.697196,-0.697196,2.16038e-011,3.09867e-011,5014000,1002000,4012000,5.00399
714352,-0.963579,-0.963579,7.44804e-012,7.72956e-012,5881000,510000,5371000,11.5314
-43.8631,0.118877,0.118877,1.69309e-015,1.42424e-014,5132000,1004000,4128000,5.11155
-678192,0.748764,0.748764,1.75228e-011,2.34022e-011,5020000,1002000,4018000,5.00998
248207,0.725395,0.725395,6.65978e-012,9.18091e-012,5012000,1012000,4000000,4.95257
-790406,0.135771,0.135771,3.05251e-011,2.24828e-010,6672000,0,6672000,inf
-881317,0.576363,0.576363,2.80742e-011,4.87093e-011,6136000,1002000,5134000,6.12375
933619,0.401534,0.401534,3.33303e-011,8.30074e-011,5033000,1503000,3530000,3.34864
231450,0.0609203,0.0609203,9.00528e-012,1.47821e-010,5570000,1002000,4568000,5.55888
433918,0.94073,0.94073,5.73686e-012,6.0983e-012,5472000,0,5472000,inf
561223,0.778458,0.778458,1.3732e-011,1.764e-011,6021000,1002000,5019000,6.00898
107724,-0.977488,-0.977488,8.83071e-013,9.03409e-013,5020000,1089000,3931000,4.60973
940065,0.0325983,0.0325983,3.66247e-011,1.12351e-009,5516000,1004000,4512000,5.49402
319987,0.340895,0.340895,1.17261e-011,3.43981e-011,5515000,1003000,4512000,5.4985
-949802,0.972605,0.972605,8.60867e-012,8.85115e-012,5023000,1002000,4021000,5.01297
-713254,0.457682,0.457682,2.47201e-011,5.40115e-011,5013000,1502000,3511000,3.33755
278126,0.955858,0.955858,3.18645e-012,3.3336e-012,4725000,1004000,3721000,4.70618
760588,0.993768,0.993768,3.29392e-012,3.31458e-012,5019000,1559000,3460000,3.21937
-284266,-0.862932,-0.862932,5.59941e-012,6.48882e-012,5020000,1009000,4011000,4.97522
-220433,0.344828,0.344828,8.06549e-012,2.33899e-011,5016000,1002000,4014000,5.00599
-238397,-0.281464,-0.281464,8.91709e-012,3.16811e-011,5514000,1004000,4510000,5.49203
833284,0.95425,0.95425,9.71323e-012,1.01789e-011,5527000,1003000,4524000,5.51047
-782480,0.432481,0.432481,2.75014e-011,6.35899e-011,5016000,1001000,4015000,5.01099
982819,0.379748,0.379748,3.54408e-011,9.33271e-011,5513000,1016000,4497000,5.42618
-493655,0.927753,0.927753,7.18148e-012,7.74072e-012,5210000,1423000,3787000,3.66128
-735853,0.764677,0.764677,1.84842e-011,2.41726e-011,5441000,0,5441000,inf
-357610,-0.720598,-0.720598,9.66516e-012,1.34127e-011,5388000,1005000,4383000,5.36119
754365,-0.587142,-0.587142,2.38031e-011,4.05406e-011,5555000,1002000,4553000,5.54391
-880148,0.286954,0.286954,3.28657e-011,1.14533e-010,5024000,1144000,3880000,4.39161
57824.5,0.361149,0.361149,2.10187e-012,5.81996e-012,5979000,1003000,4976000,5.96112
722770,0.147184,0.147184,2.78671e-011,1.89335e-010,5612000,0,5612000,inf
-986290,0.665243,0.665243,2.87049e-011,4.31495e-011,6535000,503000,6032000,12.992
-847745,0.941913,0.941913,1.1098e-011,1.17824e-011,5556000,0,5556000,inf
-879214,-0.993692,-0.993692,3.85425e-012,3.87872e-012,5703000,1002000,4701000,5.69162
138740,0.821387,0.821387,3.08475e-012,3.75554e-012,5015000,1004000,4011000,4.99502
357489,0.691753,0.691753,1.0063e-011,1.4547e-011,5967000,0,5967000,inf
-391049,-0.646264,-0.646264,1.16324e-011,1.79994e-011,6035000,1009000,5026000,5.98117
61077.7,-0.922158,-0.922158,9.20819e-013,9.98547e-013,5012000,1008000,4004000,4.97222
337938,-0.180413,-0.180413,1.29568e-011,7.18175e-011,4996000,1002000,3994000,4.98603
625434,-0.198721,-0.198721,2.38935e-011,1.20236e-010,6017000,1004000,5013000,5.99303
802358,0.97944,0.97944,6.31251e-012,6.44501e-012,5238000,1002000,4236000,5.22754
-135335,-0.8986,-0.8986,2.31459e-012,2.57578e-012,4576000,1007000,3569000,4.54419
-821485,-0.665638,-0.665638,2.38971e-011,3.5901e-011,6020000,1001000,5019000,6.01399
-160296,0.260852,0.260852,6.03212e-012,2.31247e-011,5032000,1002000,4030000,5.02196
-777216,0.999963,0.999963,2.21489e-013,2.21498e-013,5012000,943000,4069000,5.31495
-683605,-0.737419,-0.737419,1.79985e-011,2.44074e-011,5035000,1004000,4031000,5.01494
-322462,-0.800603,-0.800603,7.53164e-012,9.40746e-012,5059000,1002000,4057000,5.0489
97310.2,0.554287,0.554287,3.15725e-012,5.69606e-012,6021000,1005000,5016000,5.99104
-254763,0.994342,0.994342,1.04328e-012,1.04921e-012,5007000,1001000,4006000,5.002
-151999,-0.461236,-0.461236,5.25718e-012,1.1398e-011,5018000,1008000,4010000,4.97817
-68652.5,-0.680336,-0.680336,1.96154e-012,2.8832e-012,6031000,0,6031000,inf
-705430,0.634961,0.634961,2.12435e-011,3.34563e-011,6520000,0,6520000,inf
177192,0.271253,0.271253,6.64807e-012,2.45088e-011,6033000,506000,5527000,11.9229
-576248,0.999867,0.999867,4.01679e-013,4.01732e-013,5103000,1002000,4101000,5.09281
-574087,0.95241,0.95241,6.82066e-012,7.16147e-012,6021000,0,6021000,inf
771830,-0.350075,-0.350075,2.81825e-011,8.05043e-011,5524000,1003000,4521000,5.50748
780198,0.949737,0.949737,9.52005e-012,1.00239e-011,5089000,1361000,3728000,3.73916
769407,-0.690452,-0.690452,2.16954e-011,3.14221e-011,5022000,1006000,4016000,4.99205
905378,0.35889,0.35889,3.29409e-011,9.17854e-011,5013000,1502000,3511000,3.33755
854258,0.489827,0.489827,2.90311e-011,5.9268e-011,6118000,1002000,5116000,6.10579
121257,-0.978114,-0.978114,9.86322e-013,1.00839e-012,5050000,1004000,4046000,5.02988
-119562,0.596206,0.596206,3.74178e-012,6.27599e-012,5017000,1003000,4014000,5.00199
-703896,0.399481,0.399481,2.51537e-011,6.29661e-011,5924000,0,5924000,inf
926566,-0.714207,-0.714207,2.52803e-011,3.53964e-011,5010000,1330000,3680000,3.76692
588140,0.322386,0.322386,2.17019e-011,6.73164e-011,6024000,1002000,5022000,6.01198
-481198,-0.204094,-0.204094,1.83625e-011,8.99709e-011,5576000,0,5576000,inf
-309187,0.771406,0.771406,7.6692e-012,9.94184e-012,6021000,1004000,5017000,5.99701
909253,0.798519,0.798519,2.13357e-011,2.67191e-011,5028000,1003000,4025000,5.01296
567486,0.95658,0.95658,6.44829e-012,6.74098e-012,5018000,515000,4503000,9.74369
-638279,-0.998716,-0.998716,1.28375e-012,1.2854e-012,6019000,0,6019000,inf
-279149,0.698118,0.698118,7.79099e-012,1.116e-011,6015000,1002000,5013000,6.00299
-884199,0.845228,0.845228,1.84189e-011,2.17917e-011,5519000,0,5519000,inf
-392958,-0.983854,-0.983854,2.73703e-012,2.78195e-012,6002000,0,6002000,inf
-728300,0.491139,0.491139,2.47295e-011,5.03513e-011,6029000,1002000,5027000,6.01697
-260814,0.998746,0.998746,4.85501e-013,4.8611e-013,5013000,1000000,4013000,5.013
-219974,0.426379,0.426379,7.75618e-012,1.81908e-011,5894000,0,5894000,inf
-141924,0.250384,0.250384,5.35599e-012,2.13911e-011,6334000,1003000,5331000,6.31505
77718.9,0.814506,0.814506,1.75771e-012,2.158e-012,5018000,0,5018000,inf
-412288,0.589202,0.589202,1.29853e-011,2.20388e-011,6021000,1002000,5019000,6.00898
319017,0.96332,0.96332,3.33833e-012,3.46544e-012,5535000,1029000,4506000,5.37901
-280195,-0.703312,-0.703312,7.76434e-012,1.10397e-011,5532000,1011000,4521000,5.47181
-272744,0.671622,0.671622,7.87692e-012,1.17282e-011,6020000,0,6020000,inf
-814788,-0.114905,-0.114905,3.15504e-011,2.74577e-010,5541000,1267000,4274000,4.37332
977110,-0.916924,-0.916924,1.51995e-011,1.65766e-011,5629000,1002000,4627000,5.61776
-668739,-0.770208,-0.770208,1.66258e-011,2.15861e-011,5122000,1002000,4120000,5.11178
585233,-0.997941,-0.997941,1.4434e-012,1.44638e-012,5021000,1000000,4021000,5.021
-188755,-0.9982,-0.9982,4.20552e-013,4.21311e-013,4973000,1002000,3971000,4.96307
514260,-0.0183233,-0.0183233,2.00427e-011,1.09384e-009,5555000,1003000,4552000,5.53838
717502,-0.379186,-0.379186,2.58799e-011,6.82511e-011,6022000,0,6022000,inf
331895,-0.942298,-0.942298,4.33065e-012,4.59584e-012,5586000,1004000,4582000,5.56375
-819712,-0.995678,-0.995678,2.98128e-012,2.99422e-012,5519000,1008000,4511000,5.4752
-421740,0.234284,0.234284,1.59821e-011,6.82168e-011,5012000,1003000,4009000,4.99701
-462784,-0.953474,-0.953474,5.43776e-012,5.7031e-012,5998000,0,5998000,inf
358675,-0.450865,-0.450865,1.24796e-011,2.76793e-011,6518000,509000,6009000,12.8055
-727937,0.994118,0.994118,3.06188e-012,3.08e-012,5026000,1004000,4022000,5.00598
-36412.1,-0.885069,-0.885069,6.60805e-013,7.46614e-013,5603000,1008000,4595000,5.55853
803060,0.216316,0.216316,3.05624e-011,1.41286e-010,5107000,0,5107000,inf
-118251,-0.999709,-0.999709,7.88258e-014,7.88488e-014,6031000,1002000,5029000,6.01896
-112035,0.401841,0.401841,3.99913e-012,9.95204e-012,6019000,544000,5475000,11.0643
699729,0.76114,0.76114,1.76907e-011,2.32424e-011,5038000,1007000,4031000,5.00298
-63663.6,-0.697121,-0.697121,1.77913e-012,2.55211e-012,5520000,1003000,4517000,5.50349
344280,-0.897823,-0.897823,5.9095e-012,6.58203e-012,5547000,510000,5037000,10.8765
695855,-0.998533,-0.998533,1.49125e-012,1.49344e-012,5024000,1003000,4021000,5.00897
638734,-0.916287,-0.916287,9.97213e-012,1.08832e-011,5589000,1022000,4567000,5.46869
806314,-0.545555,-0.545555,2.6341e-011,4.8283e-011,5025000,1503000,3522000,3.34331
-267375,0.118061,0.118061,1.03495e-011,8.7662e-011,5518000,1004000,4514000,5.49602
-658518,-0.875094,-0.875094,1.24227e-011,1.41959e-011,5540000,1014000,4526000,5.46351
-380279,-0.957033,-0.957033,4.29923e-012,4.49225e-012,5011000,1003000,4008000,4.99601
-65693.6,-0.197752,-0.197752,2.51021e-012,1.26937e-011,5039000,1003000,4036000,5.02393
-850656,-0.191967,-0.191967,3.25422e-011,1.6952e-010,6021000,991000,5030000,6.07568
21390.5,0.597067,0.597067,6.68909e-013,1.12033e-012,5017000,1003000,4014000,5.00199
-327137,-0.441576,-0.441576,1.14413e-011,2.59103e-011,5630000,1029000,4601000,5.47133
619366,0.95482,0.95482,7.17593e-012,7.51548e-012,5513000,510000,5003000,10.8098
-627031,-0.29526,-0.29526,2.33522e-011,7.909e-011,6040000,0,6040000,inf
80503.6,-0.283532,-0.283532,3.00926e-012,1.06135e-011,6028000,1001000,5027000,6.02198
-168558,0.797906,0.797906,3.9605e-012,4.96362e-012,6045000,502000,5543000,12.0418
-550301,-0.687995,-0.687995,1.55673e-011,2.26271e-011,5530000,1003000,4527000,5.51346
-297584,-0.037106,-0.037106,1.1592e-011,3.12401e-010,5391000,1002000,4389000,5.38024
-882711,0.999314,0.999314,1.24711e-012,1.24797e-012,5042000,1504000,3538000,3.35239
335279,0.956639,0.956639,3.80584e-012,3.97835e-012,6097000,0,6097000,inf
277925,0.95956,0.95956,3.05067e-012,3.17924e-012,6031000,1009000,5022000,5.97721
546585,-0.981858,-0.981858,4.03633e-012,4.11091e-012,5016000,1003000,4013000,5.001
98344.2,-0.203128,-0.203128,3.75361e-012,1.8479e-011,5628000,1003000,4625000,5.61117
357980,0.829331,0.829331,7.7971e-012,9.40167e-012,5027000,1008000,4019000,4.9871
-872847,0.429535,0.429535,3.07254e-011,7.15318e-011,6013000,1004000,5009000,5.98904
7849.36,0.996051,0.996051,1.27676e-014,1.28182e-014,4564000,1004000,3560000,4.54582
-348981,-0.359375,-0.359375,1.26946e-011,3.5324e-011,5514000,1507000,4007000,3.65893
-599520,0.662788,0.662788,1.74993e-011,2.64026e-011,5023000,1004000,4019000,5.00299
743076,0.969672,0.969672,7.08122e-012,7.3027e-012,5019000,1002000,4017000,5.00898
-491945,-0.448895,-0.448895,1.71356e-011,3.81728e-011,5014000,1502000,3512000,3.33822
-701700,0.0868335,0.0868335,2.72493e-011,3.1381e-010,6039000,1005000,5034000,6.00896
498208,0.972827,0.972827,4.4984e-012,4.62405e-012,5106000,1004000,4102000,5.08566
-500655,0.981887,0.981887,3.70137e-012,3.76965e-012,5026000,1003000,4023000,5.01097
477124,-0.81518,-0.81518,1.07725e-011,1.32149e-011,4989000,1002000,3987000,4.97904
-660060,0.995132,0.995132,2.52298e-012,2.53532e-012,6018000,0,6018000,inf
-485562,0.82047,0.82047,1.08206e-011,1.31883e-011,6025000,1003000,5022000,6.00698
208422,0.434595,0.434595,7.31704e-012,1.68364e-011,4973000,1003000,3970000,4.95813
-101864,-0.782147,-0.782147,2.47424e-012,3.1634e-012,5046000,1000000,4046000,5.046
629239,0.364306,0.364306,2.28423e-011,6.27009e-011,6228000,1002000,5226000,6.21557
409679,0.506161,0.506161,1.37726e-011,2.721e-011,5598000,0,5598000,inf
401159,0.538892,0.538892,1.31725e-011,2.44436e-011,6020000,1001000,5019000,6.01399
758799,-0.797774,-0.797774,1.78345e-011,2.23553e-011,5020000,1007000,4013000,4.9851
12962.5,0.29526,0.29526,4.82725e-013,1.63491e-012,5960000,0,5960000,inf
-109462,-0.549211,-0.549211,3.56593e-012,6.49282e-012,6018000,1002000,5016000,6.00599
-865396,0.0496102,0.0496102,3.3692e-011,6.79134e-010,5371000,1002000,4369000,5.36028
-366348,-0.605034,-0.605034,1.137e-011,1.87924e-011,6019000,584000,5435000,10.3065
382680,0.448805,0.448805,1.33303e-011,2.97018e-011,6042000,0,6042000,inf
523978,-0.998442,-0.998442,1.11755e-012,1.11929e-012,6022000,1002000,5020000,6.00998
594598,0.965788,0.965788,6.01208e-012,6.22505e-012,5010000,1006000,4004000,4.98012
-182651,0.899624,0.899624,3.10896e-012,3.45584e-012,4944000,1004000,3940000,4.9243
442262,0.993899,0.993899,1.91247e-012,1.92421e-012,5019000,1002000,4017000,5.00898
209884,0.553037,0.553037,6.81644e-012,1.23255e-011,6050000,1000000,5050000,6.05
94433.3,-0.197504,-0.197504,3.60859e-012,1.82709e-011,5022000,1003000,4019000,5.00698
-185020,0.97105,0.97105,1.72118e-012,1.77249e-012,5013000,969000,4044000,5.17337
-290092,-0.0171269,-0.0171269,1.13062e-011,6.60143e-010,6034000,1003000,5031000,6.01595
98946.6,-0.86197,-0.86197,1.95532e-012,2.26844e-012,5020000,1002000,4018000,5.00998
-708924,0.999143,0.999143,1.11788e-012,1.11884e-012,5024000,1185000,3839000,4.23966
97233.4,0.896337,0.896337,1.68054e-012,1.8749e-012,4599000,1004000,3595000,4.58068
941050,-0.974582,-0.974582,8.22042e-012,8.43482e-012,6022000,1007000,5015000,5.98014
-459709,-0.173205,-0.173205,1.76488e-011,1.01896e-010,5014000,1000000,4014000,5.014
510332,-0.884662,-0.884662,9.27469e-012,1.04839e-011,5535000,1027000,4508000,5.38948
-386698,0.19576,0.19576,1.47821e-011,7.55113e-011,5021000,1004000,4017000,5.001
636990,0.257251,0.257251,2.39944e-011,9.32723e-011,6014000,0,6014000,inf
890111,-0.740338,-0.740338,2.33243e-011,3.1505e-011,5952000,1004000,4948000,5.92829
-338378,0.316473,0.316473,1.25122e-011,3.95363e-011,5513000,502000,5011000,10.9821
-217291,0.188862,0.188862,8.31768e-012,4.4041e-011,6027000,1011000,5016000,5.96142
-622614,-0.257037,-0.257037,2.34543e-011,9.12487e-011,5545000,1002000,4543000,5.53393
-26812.8,-0.619793,-0.619793,8.20344e-013,1.32358e-012,5518000,1008000,4510000,5.47421
-923236,0.142059,0.142059,3.56231e-011,2.50763e-010,5030000,1002000,4028000,5.01996
-617503,0.930866,0.930866,8.79474e-012,9.44792e-012,5607000,1075000,4532000,5.21581
-816476,-0.889171,-0.889171,1.45631e-011,1.63783e-011,4040000,1503000,2537000,2.68796
919538,-0.269436,-0.269436,3.45184e-011,1.28113e-010,5517000,1003000,4514000,5.5005
505346,0.734887,0.734887,1.33593e-011,1.81787e-011,6019000,0,6019000,inf
517546,-0.0334093,-0.0334093,2.01629e-011,6.03512e-010,6021000,0,6021000,inf
-488685,0.850877,0.850877,1.00079e-011,1.17618e-011,6018000,1001000,5017000,6.01199
511416,0.226024,0.226024,1.94194e-011,8.59172e-011,6041000,1002000,5039000,6.02894
581662,0.938894,0.938894,7.80398e-012,8.31188e-012,5014000,1003000,4011000,4.999
-523471,-0.457902,-0.457902,1.81402e-011,3.96159e-011,5103000,1003000,4100000,5.08774
-36336.5,-0.722898,-0.722898,9.78662e-013,1.3538e-012,5513000,509000,5004000,10.831
328202,0.269503,0.269503,1.23201e-011,4.5714e-011,6022000,1053000,4969000,5.7189
-530837,-0.596703,-0.596703,1.66047e-011,2.78274e-011,5551000,1002000,4549000,5.53992
646967,-0.367657,-0.367657,2.34527e-011,6.37896e-011,5514000,1030000,4484000,5.3534
168503,0.819804,0.819804,3.76132e-012,4.58808e-012,5052000,1002000,4050000,5.04192
-565561,0.851059,0.851059,1.15755e-011,1.36013e-011,5019000,522000,4497000,9.61494
-852465,0.213262,0.213262,3.2465e-011,1.52231e-010,6062000,998000,5064000,6.07415
-641904,-0.779466,-0.779466,1.56748e-011,2.01097e-011,5606000,0,5606000,inf
60672.7,0.773386,0.773386,1.49925e-012,1.93855e-012,5014000,1380000,3634000,3.63333
970056,0.983106,0.983106,6.91724e-012,7.03611e-012,5026000,1002000,4024000,5.01597
189766,0.998951,0.998951,3.63709e-013,3.64091e-013,6020000,1002000,5018000,6.00798
990983,-0.901363,-0.901363,1.67287e-011,1.85594e-011,4037000,1502000,2535000,2.68775
-404961,0.507183,0.507183,1.36046e-011,2.68238e-011,5518000,1004000,4514000,5.49602
8990.22,-0.850988,-0.850988,1.84075e-013,2.16307e-013,5077000,1002000,4075000,5.06687
168702,-0.999976,-0.999976,8.60423e-014,8.60444e-014,6045000,0,6045000,inf
-397547,0.275976,0.275976,1.48946e-011,5.39708e-011,6551000,0,6551000,inf
-843403,0.99314,0.99314,3.83427e-012,3.86075e-012,5787000,503000,5284000,11.505
808916,-0.501864,-0.501864,2.72735e-011,5.43445e-011,6217000,1003000,5214000,6.1984
-40035.8,0.605171,0.605171,1.24256e-012,2.05324e-012,5558000,0,5558000,inf
-428040,0.755812,0.755812,1.09254e-011,1.44551e-011,5515000,1005000,4510000,5.48756
-532588,0.213441,0.213441,2.02821e-011,9.50243e-011,6023000,0,6023000,inf
675821,0.936184,0.936184,9.2597e-012,9.8909e-012,6030000,0,6030000,inf
-54157.7,-0.226398,-0.226398,2.0563e-012,9.08267e-012,6015000,1001000,5014000,6.00899
-506679,0.202836,0.202836,1.934e-011,9.53478e-011,5032000,1002000,4030000,5.02196
694469,0.994804,0.994804,2.76823e-012,2.78269e-012,6022000,0,6022000,inf
429175,0.813891,0.813891,9.72011e-012,1.19428e-011,6018000,0,6018000,inf
-589072,0.992161,0.992161,2.87836e-012,2.90111e-012,5981000,1003000,4978000,5.96311
-345665,-0.9856,-0.9856,2.28362e-012,2.31698e-012,5011000,1005000,4006000,4.98607
959531,0.660489,0.660489,2.80835e-011,4.25193e-011,5029000,1003000,4026000,5.01396
464778,-0.996982,-0.996982,1.42297e-012,1.42728e-012,5006000,1007000,3999000,4.9712
-430026,0.970504,0.970504,4.04288e-012,4.16575e-012,6021000,0,6021000,inf
-673028,0.927226,0.927226,9.82481e-012,1.05959e-011,6022000,0,6022000,inf
-463507,-0.456251,-0.456251,1.60776e-011,3.52385e-011,6015000,952000,5063000,6.31828
291424,-0.591449,-0.591449,9.1599e-012,1.54872e-011,5027000,1002000,4025000,5.01697
-668814,-0.177192,-0.177192,2.56581e-011,1.44804e-010,6020000,1003000,5017000,6.00199
-803908,0.289209,0.289209,2.99976e-011,1.03723e-010,5519000,1076000,4443000,5.12918
-923007,-0.702059,-0.702059,2.56214e-011,3.64946e-011,5018000,1003000,4015000,5.00299
884639,-0.723796,-0.723796,2.37942e-011,3.28742e-011,5026000,1007000,4019000,4.99106
-181030,0.999327,0.999327,2.31037e-013,2.31193e-013,5026000,1503000,3523000,3.34398
-177578,-0.806366,-0.806366,4.09384e-012,5.0769e-012,5162000,0,5162000,inf
-473323,0.936866,0.936866,6.45228e-012,6.8871e-012,5515000,1077000,4438000,5.12071
-991824,0.774156,0.774156,2.44728e-011,3.16122e-011,6018000,0,6018000,inf
470483,-0.721659,-0.721659,1.26958e-011,1.75926e-011,5955000,0,5955000,inf
340320,-0.321943,-0.321943,1.25595e-011,3.90114e-011,6539000,503000,6036000,13
550462,-0.998441,-0.998441,1.21914e-012,1.22104e-012,5017000,1002000,4015000,5.00699
438066,0.753718,0.753718,1.12224e-011,1.48893e-011,5017000,1010000,4007000,4.96733
279623,0.579174,0.579174,8.88567e-012,1.5342e-011,6019000,0,6019000,inf
-874371,-0.310981,-0.310981,3.23934e-011,1.04165e-010,6526000,0,6526000,inf
-675646,-0.768965,-0.768965,1.68369e-011,2.18955e-011,6030000,533000,5497000,11.3133
-881855,0.584636,0.584636,2.78884e-011,4.77021e-011,6025000,0,6025000,inf
-324337,0.877733,0.877733,6.05793e-012,6.90179e-012,5528000,1002000,4526000,5.51697
111583,-0.0225128,-0.0225128,4.34846e-012,1.93155e-010,5515000,1017000,4498000,5.42281
765313,0.830478,0.830478,1.66182e-011,2.00103e-011,5055000,1014000,4041000,4.98521
582791,0.72292,0.72292,1.56963e-011,2.17124e-011,5016000,1002000,4014000,5.00599
172293,0.966072,0.966072,1.73317e-012,1.79404e-012,5020000,0,5020000,inf
-307760,0.4398,0.4398,1.07742e-011,2.44979e-011,6034000,1002000,5032000,6.02196
388524,0.162571,0.162571,1.49434e-011,9.19192e-011,6019000,532000,5487000,11.3139
-441431,0.796394,0.796394,1.04066e-011,1.30671e-011,5022000,1008000,4014000,4.98214
-790117,-0.35839,-0.35839,2.87531e-011,8.02285e-011,6021000,1002000,5019000,6.00898
527287,0.784576,0.784576,1.27441e-011,1.62434e-011,5097000,502000,4595000,10.1534
771989,-0.689908,-0.689908,2.17839e-011,3.15751e-011,5614000,1004000,4610000,5.59163
584347,-0.787323,-0.787323,1.40437e-011,1.78372e-011,5519000,1007000,4512000,5.48064
-631098,-0.963609,-0.963609,6.57485e-012,6.82315e-012,5026000,1000000,4026000,5.026
-596934,0.270703,0.270703,2.23999e-011,8.27472e-011,5571000,0,5571000,inf
366807,0.628453,0.628453,1.11218e-011,1.76971e-011,6022000,1003000,5019000,6.00399
339682,0.724495,0.724495,9.1267e-012,1.25973e-011,5017000,1003000,4014000,5.00199
-572927,-0.981972,-0.981972,4.22529e-012,4.30286e-012,5019000,1002000,4017000,5.00898
-525850,0.728652,0.728652,1.40387e-011,1.92666e-011,5514000,1004000,4510000,5.49203
813740,-0.893294,-0.893294,1.4257e-011,1.59601e-011,4521000,1002000,3519000,4.51198
993772,-0.971782,-0.971782,9.13547e-012,9.40074e-012,6023000,0,6023000,inf
621511,-0.696353,-0.696353,1.73875e-011,2.49694e-011,6031000,0,6031000,inf
351607,0.26826,0.26826,1.32034e-011,4.92188e-011,6022000,1003000,5019000,6.00399
-216797,-0.889871,-0.889871,3.85547e-012,4.33262e-012,5522000,956000,4566000,5.77615
-228240,0.0954531,0.0954531,8.85626e-012,9.27813e-011,5019000,1009000,4010000,4.97423
73341.5,-0.840894,-0.840894,1.54732e-012,1.84009e-012,5023000,1240000,3783000,4.05081
681992,0.492716,0.492716,2.31335e-011,4.6951e-011,5594000,1006000,4588000,5.56064
-860429,0.325173,0.325173,3.17172e-011,9.75395e-011,5519000,0,5519000,inf
574810,-0.826698,-0.826698,1.26069e-011,1.52497e-011,6244000,0,6244000,inf
-954228,-0.257434,-0.257434,3.59425e-011,1.39618e-010,6024000,0,6024000,inf
936563,-0.532359,-0.532359,3.09046e-011,5.80522e-011,6027000,1002000,5025000,6.01497
874523,-0.972384,-0.972384,7.95797e-012,8.18398e-012,6032000,537000,5495000,11.2328
335244,-0.889015,-0.889015,5.98355e-012,6.73054e-012,5020000,1002000,4018000,5.00998
-138316,0.663042,0.663042,4.03599e-012,6.08709e-012,5763000,1002000,4761000,5.7515
200853,-0.920959,-0.920959,3.05089e-012,3.31273e-012,5018000,502000,4516000,9.99602
460857,-0.914967,-0.914967,7.24931e-012,7.92303e-012,5859000,0,5859000,inf
-953590,0.745719,0.745719,2.47659e-011,3.32107e-011,6112000,0,6112000,inf
-838591,0.346099,0.346099,3.06684e-011,8.86117e-011,6022000,0,6022000,inf
-420197,-0.628619,-0.628619,1.27386e-011,2.02644e-011,6561000,1003000,5558000,6.54138
978997,0.969859,0.969859,9.2969e-012,9.58582e-012,5525000,0,5525000,inf
-509836,0.649432,0.649432,1.51124e-011,2.32701e-011,6038000,1003000,5035000,6.01994
-869025,0.734058,0.734058,2.3004e-011,3.13382e-011,4569000,1002000,3567000,4.55988
567587,0.992427,0.992427,2.72682e-012,2.74763e-012,5513000,1005000,4508000,5.48557
788717,0.809585,0.809585,1.8047e-011,2.22917e-011,4532000,1484000,3048000,3.05391
446033,0.783486,0.783486,1.08041e-011,1.37898e-011,5011000,1007000,4004000,4.97617
-162705,-0.855783,-0.855783,3.28104e-012,3.83396e-012,5015000,1093000,3922000,4.58829
-764890,0.0493456,0.0493456,2.97794e-011,6.03487e-010,5525000,1002000,4523000,5.51397
271819,0.653529,0.653529,8.01992e-012,1.22717e-011,6016000,470000,5546000,12.8
-904199,0.913139,0.913139,1.4368e-011,1.57347e-011,5551000,0,5551000,inf
967347,0.0454586,0.0454586,3.76686e-011,8.28635e-010,6025000,1002000,5023000,6.01297
706234,-0.445968,-0.445968,2.464e-011,5.52506e-011,5520000,1004000,4516000,5.49801
754855,-0.231589,-0.231589,2.86247e-011,1.23601e-010,5522000,1003000,4519000,5.50548
-184705,0.891535,0.891535,3.26117e-012,3.65792e-012,5026000,1018000,4008000,4.93713
4921.72,0.916718,0.916718,7.64944e-014,8.34437e-014,5020000,0,5020000,inf
177416,-0.660696,-0.660696,5.19129e-012,7.85731e-012,6027000,1002000,5025000,6.01497
871993,-0.00398154,-0.00398154,3.39904e-011,8.53701e-009,6047000,551000,5496000,10.9746
-146966,-0.822343,-0.822343,3.25973e-012,3.96395e-012,5020000,1002000,4018000,5.00998
223714,0.943026,0.943026,2.9019e-012,3.07722e-012,5015000,1029000,3986000,4.87366
-954132,0.803244,0.803244,2.21537e-011,2.75803e-011,5504000,1005000,4499000,5.47662
997258,-0.646808,-0.646808,2.96471e-011,4.58359e-011,5008000,1002000,4006000,4.998
-598099,-0.622028,-0.622028,1.8255e-011,2.93475e-011,6025000,1007000,5018000,5.98312
720357,0.385271,0.385271,2.59122e-011,6.7257e-011,5015000,1000000,4015000,5.015
-918082,-0.77786,-0.77786,2.24901e-011,2.89128e-011,4983000,1003000,3980000,4.9681
896635,-0.524069,-0.524069,2.97671e-011,5.68e-011,6146000,0,6146000,inf
-567650,-0.992695,-0.992695,2.6793e-012,2.69902e-012,5455000,1003000,4452000,5.43868
-40231.6,-0.374018,-0.374018,1.45439e-012,3.88856e-012,6014000,0,6014000,inf
-341359,0.304372,0.304372,1.26749e-011,4.16428e-011,6521000,502000,6019000,12.99
-229739,-0.62578,-0.62578,6.98519e-012,1.11624e-011,5026000,1002000,4024000,5.01597
374175,-0.99457,-0.99457,1.50591e-012,1.51413e-012,5532000,1002000,4530000,5.52096
98447.1,0.822745,0.822745,2.18159e-012,2.6516e-012,5013000,1001000,4012000,5.00799
745630,-0.953961,-0.953961,8.71814e-012,9.13888e-012,4527000,1002000,3525000,4.51796
